user_id,flavor,rating
1,Pan (Betel Leaf),5
1,Coconut,5
1,Tutti Frutti,4
1,Butterscotch,5
1,Lavender Honey,4
1,Kesar Pista Kulfi,5
1,Jamun,4
1,Vanilla,5
1,Guava,4
1,Elaichi (Cardamom),5
1,Tiramisu,5
1,Anjeer (Fig),4
1,Pineapple,4
1,Strawberry Cheesecake,4
1,Rabri,5
1,Peanut Butter Cup,5
1,Hazelnut,5
1,Badam (Almond),5
2,Blueberry Cheesecake,4
2,Elaichi (Cardamom),5
2,Mango Sorbet,4
2,Lavender Honey,5
2,Tutti Frutti,4
2,Tender Coconut,4
2,Anjeer (Fig),4
2,Kesar (Saffron),5
2,Red Velvet,5
2,Sitaphal (Custard Apple),4
2,Dry Fruit,5
2,Pan (Betel Leaf),5
2,Gajar Halwa,5
2,Mango Kulfi,4
2,Coffee,5
2,Aamras,4
2,Strawberry,3
2,Thandai,5
3,Red Velvet,3
3,Mango Alphonso,5
3,Gajar Halwa,4
3,Rose (Gulab),4
3,Strawberry Cheesecake,5
3,Salted Caramel,4
3,Caramel Swirl,4
3,Pineapple,5
3,Tiramisu,4
3,Chocolate Almond,2
3,Vanilla,5
3,Gulkand,4
3,Pan (Betel Leaf),4
3,Matcha Green Tea,4
3,S'mores,3
4,Pineapple,4
4,Watermelon Sorbet,4
4,Chikoo (Sapodilla),5
4,Chocolate Fudge,4
4,Tutti Frutti,5
4,Rajbhog,5
4,Rose (Gulab),5
4,Lemon Sorbet,3
4,Coconut,5
4,Custard,5
4,Aamras,5
4,Salted Caramel,5
4,Birthday Cake,5
4,Red Velvet,5
4,Mint Chocolate Chip,5
4,Strawberry Cheesecake,5
4,Chocolate,4
4,Butterscotch,5
4,Kesar (Saffron),5
4,Kesar Pista Kulfi,5
4,Litchi,5
5,Ferrero Rocher,5
5,Peanut Butter Cup,5
5,Coconut,5
5,Kesar Pista Kulfi,5
5,Jamun,5
5,Thandai,5
5,Kesar (Saffron),5
5,Cookie Dough,5
5,Coffee,5
5,Rose (Gulab),5
5,Mango Alphonso,4
5,Pan (Betel Leaf),5
5,Vanilla,5
5,Cookies and Cream,5
5,Guava,5
5,Birthday Cake,5
5,Tiramisu,5
5,Orange Cream,5
5,Dry Fruit,5
5,Neapolitan,5
5,Hazelnut,5
5,Watermelon Sorbet,3
6,Custard,5
6,Orange Cream,4
6,Rajbhog,5
6,Chikoo (Sapodilla),5
6,Blueberry Cheesecake,5
6,Birthday Cake,5
6,Matcha Green Tea,5
6,Watermelon Sorbet,3
6,Rocky Road,5
6,Sweet Corn,5
6,Rose (Gulab),4
6,Chocolate Fudge,5
6,Chocolate Almond,5
6,Rabri,5
6,Guava,4
6,Mint Chocolate Chip,5
6,Vanilla,5
6,Mango Kulfi,5
6,Kaju Draksh,5
6,Pista (Pistachio),5
7,Kesar (Saffron),5
7,Cookies and Cream,5
7,Vanilla,4
7,Strawberry Cheesecake,4
7,Gajar Halwa,5
7,Rocky Road,5
7,Tender Coconut,5
7,Matcha Green Tea,4
7,Tiramisu,5
7,Litchi,3
7,Coconut,4
7,Dry Fruit,5
7,Chikoo (Sapodilla),4
7,Pineapple,3
7,Pan (Betel Leaf),5
7,Sweet Corn,4
7,Salted Caramel,5
7,Mint Chocolate Chip,5
7,Anjeer (Fig),4
7,Peanut Butter Cup,5
7,Mango Alphonso,4
8,Watermelon Sorbet,3
8,Badam (Almond),5
8,Peach,4
8,Chocolate Fudge,5
8,Mango Kulfi,5
8,Malai Kulfi,5
8,Jamun,4
8,Red Velvet,5
8,Rooh Afza,5
8,Chocolate,5
8,Rajbhog,5
8,Dark Chocolate,5
8,Dry Fruit,5
8,Strawberry Cheesecake,5
8,Lavender Honey,5
8,Mint Chocolate Chip,5
8,Elaichi (Cardamom),5
8,Sweet Corn,5
9,Black Currant,4
9,Kaju Draksh,5
9,Rajbhog,5
9,Orange Cream,5
9,Blueberry Cheesecake,5
9,Watermelon Sorbet,4
9,Anjeer (Fig),5
9,Caramel Swirl,5
9,Kesar (Saffron),5
9,Rocky Road,5
9,Dark Chocolate,4
9,Jackfruit,5
9,Sweet Corn,5
9,Mango Sorbet,4
9,Sitaphal (Custard Apple),5
9,Litchi,5
10,Badam (Almond),5
10,Pan (Betel Leaf),5
10,Aamras,4
10,Tender Coconut,5
10,Pista (Pistachio),5
10,Dark Chocolate,5
10,Chikoo (Sapodilla),5
10,Anjeer (Fig),4
10,Mango Sorbet,3
10,Ferrero Rocher,5
10,Watermelon Sorbet,3
10,Birthday Cake,5
10,Peanut Butter Cup,5
10,Rose (Gulab),4
10,Rooh Afza,4
10,Vanilla,5
11,Neapolitan,4
11,Kesar (Saffron),5
11,Coconut,5
11,Mint Chocolate Chip,5
11,Chikoo (Sapodilla),4
11,Caramel Swirl,5
11,Birthday Cake,5
11,Lavender Honey,5
11,Strawberry Cheesecake,4
11,Blueberry Cheesecake,4
11,Mango Alphonso,4
11,Cookies and Cream,5
11,Rocky Road,5
11,Peanut Butter Cup,5
11,Red Velvet,5
11,Mango Sorbet,4
11,Anjeer (Fig),4
11,Kesar Pista Kulfi,5
11,Rabri,5
11,Hazelnut,5
11,Jackfruit,4
11,Orange Cream,4
12,Thandai,5
12,Lavender Honey,5
12,Jamun,4
12,Chocolate Almond,5
12,Biscoff,5
12,Coffee,5
12,Matcha Green Tea,5
12,Mango Sorbet,4
12,Blueberry Cheesecake,4
12,Hazelnut,5
12,Jackfruit,4
12,Aamras,4
12,Strawberry Cheesecake,4
12,Guava,4
12,Rooh Afza,5
12,Tutti Frutti,4
13,Kaju Draksh,4
13,Guava,5
13,Watermelon Sorbet,5
13,Rabri,4
13,Chikoo (Sapodilla),5
13,Dark Chocolate,2
13,Mint Chocolate Chip,3
13,Butterscotch,4
13,Anjeer (Fig),5
13,Pan (Betel Leaf),5
13,Tender Coconut,5
13,Birthday Cake,4
13,Cookie Dough,4
13,Aamras,5
13,Gajar Halwa,4
14,Rose (Gulab),5
14,Ferrero Rocher,5
14,Pan (Betel Leaf),5
14,Elaichi (Cardamom),5
14,Cookies and Cream,5
14,Lavender Honey,5
14,Aamras,5
14,Coconut,5
14,Birthday Cake,5
14,Guava,4
14,Chocolate Almond,5
14,Pista (Pistachio),5
14,Kaju Draksh,5
14,Rajbhog,5
14,Mango Sorbet,4
14,Strawberry Cheesecake,4
14,Chocolate,4
14,Tutti Frutti,4
14,Blueberry Cheesecake,5
15,Mango Sorbet,4
15,Pineapple,4
15,Litchi,5
15,Neapolitan,5
15,Lavender Honey,5
15,Gulkand,5
15,Butterscotch,5
15,Guava,4
15,Custard,5
15,Black Currant,4
15,Caramel Swirl,5
15,Cookie Dough,5
15,Dark Chocolate,4
15,Thandai,5
15,Red Velvet,5
15,Lemon Sorbet,3
15,Biscoff,5
16,Guava,4
16,Rooh Afza,5
16,Badam (Almond),5
16,Coconut,5
16,Chocolate Fudge,5
16,Jamun,4
16,Butterscotch,5
16,Pineapple,4
16,Rabri,5
16,Pista (Pistachio),5
16,Kaju Draksh,5
16,Coffee,5
16,Thandai,5
16,Litchi,4
16,Cookie Dough,5
16,Dry Fruit,5
16,Hazelnut,5
16,Tender Coconut,4
17,Kesar Pista Kulfi,3
17,Mango Alphonso,5
17,S'mores,3
17,Tutti Frutti,5
17,Ferrero Rocher,2
17,Coconut,5
17,Cookies and Cream,4
17,Black Currant,5
17,Strawberry,5
17,Pineapple,5
17,Litchi,5
17,Blueberry Cheesecake,5
17,Rooh Afza,5
17,Matcha Green Tea,4
17,Chocolate,3
17,Badam (Almond),3
17,Red Velvet,3
17,Sitaphal (Custard Apple),5
17,Pista (Pistachio),3
18,Mango Kulfi,5
18,Cookie Dough,5
18,Dark Chocolate,5
18,Custard,5
18,Lemon Sorbet,5
18,Kaju Draksh,5
18,Guava,5
18,Ferrero Rocher,5
18,Tender Coconut,5
18,Coconut,5
18,Badam (Almond),5
18,Coffee,5
18,Hazelnut,5
18,Lavender Honey,5
18,Kesar (Saffron),5
18,Rocky Road,5
18,Caramel Swirl,5
18,Jamun,5
18,Anjeer (Fig),4
18,Rooh Afza,5
18,Salted Caramel,5
18,Chocolate,5
19,Chocolate Fudge,4
19,Rooh Afza,5
19,Mango Alphonso,5
19,Neapolitan,5
19,Peach,5
19,Strawberry Cheesecake,5
19,Kesar (Saffron),4
19,Guava,5
19,Sweet Corn,5
19,Mango Sorbet,5
19,Chocolate Almond,4
19,Blueberry Cheesecake,5
19,Dark Chocolate,4
19,Anjeer (Fig),5
19,Birthday Cake,5
19,Pista (Pistachio),4
19,Jamun,5
19,Red Velvet,5
19,Orange Cream,5
19,Strawberry,5
19,Pan (Betel Leaf),5
19,Jackfruit,5
20,Chocolate Almond,5
20,Biscoff,5
20,Pineapple,4
20,Cookie Dough,5
20,Guava,4
20,Tender Coconut,5
20,Chikoo (Sapodilla),4
20,Jamun,5
20,Jackfruit,4
20,Coconut,5
20,Tiramisu,5
20,Anjeer (Fig),4
20,Chocolate Fudge,5
20,Chocolate,5
20,Strawberry,4
20,Blueberry Cheesecake,4
20,Coffee,5
20,Caramel Swirl,5
20,Peach,3
21,Butterscotch,5
21,Dry Fruit,4
21,Chocolate,5
21,Pan (Betel Leaf),4
21,Rajbhog,5
21,Watermelon Sorbet,5
21,Lavender Honey,5
21,Vanilla,5
21,Pista (Pistachio),4
21,Jamun,5
21,Sitaphal (Custard Apple),5
21,Gajar Halwa,5
21,Litchi,5
21,Coffee,4
21,Black Currant,5
21,Mango Kulfi,5
21,Ferrero Rocher,4
21,Caramel Swirl,5
21,Red Velvet,5
21,Malai Kulfi,5
22,Malai Kulfi,5
22,Gulkand,5
22,Cookies and Cream,4
22,Dry Fruit,5
22,Watermelon Sorbet,4
22,Vanilla,5
22,Matcha Green Tea,5
22,Mango Alphonso,4
22,Salted Caramel,5
22,Chocolate Almond,5
22,Lemon Sorbet,3
22,Sitaphal (Custard Apple),5
22,Litchi,5
22,Pan (Betel Leaf),5
22,Badam (Almond),5
22,Butterscotch,5
22,Mango Sorbet,4
22,Tender Coconut,5
23,Mint Chocolate Chip,5
23,Litchi,5
23,Hazelnut,4
23,Coconut,5
23,Jackfruit,5
23,Birthday Cake,4
23,Thandai,4
23,Lemon Sorbet,5
23,Cookie Dough,5
23,Sitaphal (Custard Apple),5
23,Rooh Afza,5
23,Mango Alphonso,5
23,Rose (Gulab),4
23,Peach,5
23,Coffee,4
23,Watermelon Sorbet,5
23,Lavender Honey,5
23,Dark Chocolate,4
23,Salted Caramel,5
24,Red Velvet,3
24,Rocky Road,2
24,Neapolitan,5
24,Coconut,5
24,Gajar Halwa,4
24,Lemon Sorbet,5
24,S'mores,3
24,Butterscotch,4
24,Cookie Dough,4
24,Jackfruit,5
24,Badam (Almond),3
24,Dry Fruit,3
24,Kaju Draksh,4
24,Strawberry,5
24,Gulkand,4
24,Rajbhog,4
24,Custard,4
24,Chocolate Fudge,2
24,Chocolate Almond,2
24,Rose (Gulab),5
24,Chocolate,3
25,Rocky Road,4
25,Biscoff,4
25,Pan (Betel Leaf),4
25,Cookies and Cream,5
25,Jackfruit,5
25,Pineapple,5
25,Cookie Dough,5
25,Litchi,5
25,Rooh Afza,4
25,Lemon Sorbet,4
25,Kesar Pista Kulfi,4
25,Dry Fruit,4
25,Kesar (Saffron),4
25,Coffee,4
25,Butterscotch,5
25,Mango Kulfi,5
25,Gajar Halwa,5
25,Strawberry Cheesecake,5
25,Rajbhog,4
25,Salted Caramel,4
25,Orange Cream,5
25,Peach,5
26,Coffee,5
26,Biscoff,5
26,Litchi,5
26,Custard,5
26,Hazelnut,4
26,Mango Sorbet,5
26,Orange Cream,5
26,Chocolate Almond,4
26,Strawberry Cheesecake,5
26,Tiramisu,5
26,Lemon Sorbet,5
26,Chocolate Fudge,5
26,Gulkand,5
26,Blueberry Cheesecake,5
26,Gajar Halwa,5
26,Pista (Pistachio),4
26,Black Currant,5
27,Dry Fruit,5
27,Chikoo (Sapodilla),5
27,Mint Chocolate Chip,5
27,Watermelon Sorbet,4
27,Jamun,5
27,Litchi,5
27,Strawberry,4
27,Pineapple,5
27,Chocolate,5
27,Chocolate Almond,5
27,Sweet Corn,5
27,Blueberry Cheesecake,5
27,Pista (Pistachio),5
27,Rooh Afza,5
27,Mango Kulfi,5
27,Jackfruit,4
27,Tutti Frutti,5
27,Tender Coconut,5
28,Peach,5
28,Tutti Frutti,5
28,Chocolate Almond,4
28,Guava,5
28,Pista (Pistachio),4
28,Jackfruit,5
28,Butterscotch,5
28,Coconut,5
28,Sitaphal (Custard Apple),5
28,Rabri,5
28,Rose (Gulab),5
28,Tender Coconut,5
28,Kaju Draksh,5
28,Blueberry Cheesecake,5
28,Pan (Betel Leaf),4
28,Kesar Pista Kulfi,5
29,Tiramisu,5
29,Peach,4
29,Strawberry,3
29,Birthday Cake,5
29,Chikoo (Sapodilla),4
29,Coconut,4
29,Elaichi (Cardamom),5
29,Custard,5
29,Rooh Afza,5
29,Kaju Draksh,5
29,Dry Fruit,5
29,Lemon Sorbet,3
29,Pan (Betel Leaf),5
29,Caramel Swirl,5
29,Mango Sorbet,4
29,Orange Cream,4
29,Strawberry Cheesecake,4
29,Sitaphal (Custard Apple),4
29,Black Currant,4
29,Coffee,5
30,Sitaphal (Custard Apple),5
30,Sweet Corn,4
30,Dark Chocolate,5
30,Red Velvet,5
30,Rocky Road,5
30,Peanut Butter Cup,5
30,Mint Chocolate Chip,5
30,Caramel Swirl,5
30,Thandai,5
30,Malai Kulfi,5
30,Cookie Dough,5
30,S'mores,5
30,Gajar Halwa,5
30,Mango Alphonso,4
30,Litchi,5
30,Custard,5
30,Strawberry,5
30,Rajbhog,5
31,Lavender Honey,5
31,S'mores,4
31,Coffee,5
31,Rose (Gulab),5
31,Neapolitan,4
31,Jamun,4
31,Lemon Sorbet,2
31,Kesar (Saffron),5
31,Cookie Dough,4
31,Chikoo (Sapodilla),5
31,Thandai,5
31,Custard,5
31,Salted Caramel,5
31,Caramel Swirl,5
31,Cookies and Cream,4
31,Guava,4
31,Tiramisu,5
31,Dry Fruit,5
32,Red Velvet,3
32,Pista (Pistachio),3
32,Birthday Cake,4
32,Chocolate Fudge,2
32,Salted Caramel,5
32,Coffee,4
32,Sweet Corn,5
32,Orange Cream,5
32,Tender Coconut,5
32,Malai Kulfi,4
32,Kaju Draksh,4
32,Chocolate Almond,2
32,Mint Chocolate Chip,4
32,Rabri,4
32,Ferrero Rocher,2
32,Black Currant,5
32,Mango Alphonso,5
32,Chocolate,2
32,Aamras,5
32,S'mores,3
32,Tutti Frutti,5
33,Lemon Sorbet,2
33,Lavender Honey,4
33,Mint Chocolate Chip,5
33,Chikoo (Sapodilla),4
33,Gajar Halwa,5
33,Chocolate Almond,5
33,Strawberry,3
33,Caramel Swirl,5
33,Dark Chocolate,5
33,Badam (Almond),4
33,Malai Kulfi,5
33,Aamras,4
33,Jamun,3
33,Blueberry Cheesecake,4
33,Chocolate Fudge,5
33,S'mores,5
33,Watermelon Sorbet,3
33,Mango Alphonso,3
33,Neapolitan,5
33,Matcha Green Tea,4
33,Mango Kulfi,4
33,Rose (Gulab),4
34,Peanut Butter Cup,5
34,Kesar Pista Kulfi,5
34,Lemon Sorbet,3
34,S'mores,4
34,Tutti Frutti,4
34,Litchi,5
34,Sitaphal (Custard Apple),5
34,Tiramisu,5
34,Chocolate,4
34,Dry Fruit,5
34,Thandai,5
34,Black Currant,4
34,Badam (Almond),5
34,Malai Kulfi,5
34,Coconut,5
35,Peanut Butter Cup,5
35,Rooh Afza,4
35,Biscoff,5
35,Tutti Frutti,4
35,Chikoo (Sapodilla),5
35,Coconut,4
35,Cookies and Cream,5
35,Kesar Pista Kulfi,5
35,Sitaphal (Custard Apple),4
35,Thandai,5
35,Blueberry Cheesecake,4
35,Rajbhog,5
35,Peach,4
35,Rabri,5
35,Mint Chocolate Chip,5
35,Kesar (Saffron),4
35,Mango Alphonso,4
36,Matcha Green Tea,5
36,Lemon Sorbet,5
36,Gajar Halwa,4
36,Jackfruit,5
36,Rocky Road,2
36,Pineapple,5
36,S'mores,3
36,Jamun,5
36,Coffee,4
36,Pan (Betel Leaf),4
36,Salted Caramel,4
36,Custard,4
36,Peanut Butter Cup,2
36,Chocolate Fudge,2
36,Tiramisu,3
36,Malai Kulfi,3
36,Blueberry Cheesecake,5
36,Chikoo (Sapodilla),5
36,Red Velvet,3
36,Peach,5
37,Black Currant,3
37,Badam (Almond),5
37,Mint Chocolate Chip,5
37,Anjeer (Fig),4
37,Coffee,5
37,Tiramisu,5
37,Coconut,4
37,Orange Cream,3
37,Neapolitan,5
37,Chocolate Almond,5
37,Hazelnut,5
37,Strawberry Cheesecake,4
37,Dry Fruit,5
37,Peanut Butter Cup,5
37,Blueberry Cheesecake,4
37,Chikoo (Sapodilla),4
37,Malai Kulfi,5
37,Gulkand,5
37,Peach,3
37,Watermelon Sorbet,3
37,Rocky Road,5
38,Lavender Honey,3
38,Custard,4
38,Gulkand,4
38,Lemon Sorbet,2
38,Guava,2
38,Watermelon Sorbet,2
38,Jackfruit,3
38,Strawberry,3
38,Elaichi (Cardamom),4
38,Coffee,5
38,Pista (Pistachio),4
38,Kesar (Saffron),4
38,Dark Chocolate,5
38,Badam (Almond),5
38,Pan (Betel Leaf),4
38,Caramel Swirl,5
38,Mint Chocolate Chip,5
38,Mango Sorbet,2
38,S'mores,5
38,Coconut,3
38,Malai Kulfi,5
39,Red Velvet,5
39,Pan (Betel Leaf),5
39,Butterscotch,5
39,Chocolate Fudge,4
39,Malai Kulfi,5
39,Rooh Afza,5
39,Gulkand,5
39,Jamun,3
39,Anjeer (Fig),5
39,Tender Coconut,5
39,Chocolate,4
39,Black Currant,4
39,Neapolitan,5
39,Matcha Green Tea,5
39,Rose (Gulab),5
39,Gajar Halwa,5
39,Sweet Corn,5
39,Pista (Pistachio),5
39,Dry Fruit,5
39,Coffee,5
40,Jackfruit,5
40,Mango Sorbet,5
40,Dry Fruit,2
40,Birthday Cake,3
40,Lavender Honey,4
40,Kesar (Saffron),3
40,Chocolate Fudge,2
40,Red Velvet,3
40,Badam (Almond),2
40,Gajar Halwa,4
40,Caramel Swirl,4
40,Chikoo (Sapodilla),5
40,Hazelnut,2
40,Anjeer (Fig),5
40,Pan (Betel Leaf),5
40,Ferrero Rocher,1
40,Blueberry Cheesecake,5
40,Neapolitan,4
40,Peach,5
41,Vanilla,4
41,Blueberry Cheesecake,5
41,Orange Cream,5
41,Rose (Gulab),4
41,Elaichi (Cardamom),4
41,Aamras,5
41,Rabri,4
41,Neapolitan,5
41,Rooh Afza,4
41,Jackfruit,5
41,Dark Chocolate,4
41,Guava,5
41,Caramel Swirl,4
41,Tutti Frutti,5
41,Mango Kulfi,5
41,Jamun,5
41,Coffee,4
42,Red Velvet,5
42,Rajbhog,5
42,Tiramisu,5
42,Gulkand,5
42,Chocolate Almond,5
42,Rose (Gulab),5
42,Matcha Green Tea,5
42,Chikoo (Sapodilla),5
42,Biscoff,5
42,Vanilla,5
42,Litchi,5
42,Strawberry Cheesecake,5
42,Malai Kulfi,5
42,Caramel Swirl,5
42,Pista (Pistachio),5
42,Sitaphal (Custard Apple),5
42,Guava,4
42,Dark Chocolate,4
43,Coconut,5
43,Lavender Honey,5
43,Neapolitan,4
43,Peanut Butter Cup,5
43,Chocolate Almond,5
43,Litchi,5
43,Black Currant,4
43,Lemon Sorbet,3
43,Orange Cream,5
43,Anjeer (Fig),4
43,Kesar (Saffron),5
43,Sweet Corn,5
43,Guava,4
43,Mango Alphonso,5
43,Rajbhog,5
43,Hazelnut,5
43,Mango Kulfi,5
43,Birthday Cake,5
44,Cookies and Cream,4
44,Thandai,3
44,Peach,5
44,Anjeer (Fig),4
44,Mint Chocolate Chip,4
44,Mango Alphonso,5
44,Coffee,4
44,Rooh Afza,4
44,Rabri,4
44,Neapolitan,5
44,Strawberry,5
44,Caramel Swirl,4
44,Orange Cream,5
44,Biscoff,4
44,Gajar Halwa,4
44,Rocky Road,4
45,Red Velvet,5
45,Mint Chocolate Chip,4
45,Kesar Pista Kulfi,4
45,Rajbhog,5
45,Orange Cream,5
45,Kaju Draksh,4
45,Gajar Halwa,5
45,Aamras,5
45,Rooh Afza,5
45,Chocolate,5
45,Birthday Cake,5
45,Hazelnut,4
45,Tutti Frutti,5
45,Cookie Dough,5
45,Black Currant,5
45,Strawberry,5
45,Coconut,5
45,Malai Kulfi,5
46,Pan (Betel Leaf),4
46,Mango Kulfi,5
46,Peanut Butter Cup,4
46,Chocolate Fudge,5
46,Mango Sorbet,5
46,Biscoff,4
46,Guava,5
46,Mango Alphonso,5
46,Neapolitan,5
46,Birthday Cake,5
46,Thandai,4
46,Red Velvet,5
46,Jackfruit,5
46,Chikoo (Sapodilla),5
46,Sweet Corn,5
46,Chocolate Almond,5
46,Coffee,4
46,Kesar (Saffron),4
46,Orange Cream,5
46,Gulkand,5
47,Pista (Pistachio),5
47,Guava,4
47,Chocolate Almond,5
47,Mango Alphonso,4
47,Rose (Gulab),5
47,Peach,4
47,Chocolate Fudge,4
47,Matcha Green Tea,5
47,Lemon Sorbet,2
47,S'mores,5
47,Ferrero Rocher,5
47,Sweet Corn,5
47,Cookie Dough,5
47,Kesar Pista Kulfi,5
47,Gulkand,5
47,Neapolitan,4
47,Tutti Frutti,4
47,Blueberry Cheesecake,4
47,Hazelnut,5
47,Aamras,4
48,Vanilla,4
48,Mango Kulfi,4
48,Rocky Road,5
48,Pan (Betel Leaf),5
48,Tender Coconut,4
48,Red Velvet,5
48,Mint Chocolate Chip,5
48,Chikoo (Sapodilla),4
48,Peanut Butter Cup,5
48,Dry Fruit,5
48,Hazelnut,5
48,S'mores,5
48,Chocolate Almond,5
48,Lemon Sorbet,3
48,Coffee,5
49,Tiramisu,5
49,Mint Chocolate Chip,5
49,Cookies and Cream,5
49,Watermelon Sorbet,3
49,Mango Sorbet,3
49,Rabri,5
49,Kesar (Saffron),5
49,Neapolitan,5
49,Coffee,5
49,Tender Coconut,4
49,Vanilla,5
49,Anjeer (Fig),4
49,Dry Fruit,5
49,Sweet Corn,4
49,Ferrero Rocher,5
49,Pineapple,3
49,Rose (Gulab),5
49,Strawberry Cheesecake,4
49,Pista (Pistachio),5
50,Dry Fruit,3
50,Anjeer (Fig),5
50,Coffee,4
50,Cookie Dough,4
50,Pineapple,5
50,Red Velvet,4
50,Pan (Betel Leaf),4
50,Mint Chocolate Chip,4
50,Strawberry Cheesecake,5
50,Black Currant,5
50,Gajar Halwa,4
50,Kaju Draksh,4
50,Jamun,5
50,Watermelon Sorbet,5
50,Thandai,4
50,Blueberry Cheesecake,5
51,Biscoff,4
51,Chikoo (Sapodilla),5
51,Kesar (Saffron),5
51,Cookies and Cream,3
51,Black Currant,5
51,Rabri,4
51,Malai Kulfi,4
51,Blueberry Cheesecake,5
51,Jamun,5
51,Mango Sorbet,5
51,Vanilla,5
51,Caramel Swirl,5
51,Orange Cream,5
51,Aamras,5
51,Gajar Halwa,4
52,Black Currant,5
52,Rose (Gulab),5
52,Dry Fruit,2
52,Rabri,4
52,Anjeer (Fig),5
52,Dark Chocolate,2
52,Neapolitan,5
52,Blueberry Cheesecake,5
52,Biscoff,4
52,Watermelon Sorbet,5
52,Rooh Afza,5
52,Caramel Swirl,5
52,Litchi,5
52,Jackfruit,5
52,Tender Coconut,5
52,Ferrero Rocher,2
52,Pista (Pistachio),2
53,Dry Fruit,5
53,Pan (Betel Leaf),4
53,Mango Alphonso,3
53,Strawberry,3
53,Malai Kulfi,5
53,Lemon Sorbet,2
53,Anjeer (Fig),4
53,Rooh Afza,4
53,Kesar Pista Kulfi,5
53,Sweet Corn,4
53,Black Currant,3
53,Tender Coconut,4
53,Cookies and Cream,5
53,Cookie Dough,5
53,Gajar Halwa,5
53,Birthday Cake,5
53,Rajbhog,5
53,Guava,3
53,Peach,4
53,Tiramisu,5
53,Rose (Gulab),4
54,Strawberry,4
54,Sitaphal (Custard Apple),4
54,Rose (Gulab),4
54,Cookie Dough,5
54,Tutti Frutti,4
54,Kesar Pista Kulfi,5
54,Tiramisu,5
54,Litchi,4
54,Birthday Cake,5
54,Custard,5
54,Biscoff,5
54,Kesar (Saffron),4
54,Badam (Almond),5
54,Strawberry Cheesecake,4
54,Pan (Betel Leaf),5
54,Pineapple,3
55,Badam (Almond),5
55,Peach,3
55,Mango Kulfi,4
55,Sitaphal (Custard Apple),3
55,Chikoo (Sapodilla),4
55,Kesar Pista Kulfi,5
55,Chocolate Fudge,5
55,Kaju Draksh,4
55,Butterscotch,5
55,Cookies and Cream,5
55,Jackfruit,3
55,Rocky Road,5
55,Blueberry Cheesecake,4
55,Salted Caramel,5
55,Birthday Cake,5
55,Dry Fruit,5
55,Elaichi (Cardamom),4
55,Biscoff,5
55,Lemon Sorbet,2
55,Anjeer (Fig),4
56,Badam (Almond),4
56,Tutti Frutti,5
56,Kesar (Saffron),4
56,S'mores,4
56,Salted Caramel,5
56,Pista (Pistachio),3
56,Rabri,4
56,Lavender Honey,4
56,Gajar Halwa,4
56,Mango Alphonso,5
56,Mango Kulfi,5
56,Lemon Sorbet,5
56,Jamun,5
56,Guava,5
56,Strawberry,5
56,Kesar Pista Kulfi,4
56,Gulkand,5
57,Butterscotch,5
57,Mango Alphonso,5
57,Rabri,5
57,Thandai,5
57,S'mores,5
57,Rooh Afza,5
57,Sitaphal (Custard Apple),5
57,Mango Kulfi,5
57,Cookie Dough,5
57,Rocky Road,5
57,Guava,4
57,Malai Kulfi,5
57,Orange Cream,5
57,Coffee,5
57,Lavender Honey,5
57,Rose (Gulab),5
57,Jamun,3
57,Anjeer (Fig),5
57,Jackfruit,5
58,Sweet Corn,4
58,Sitaphal (Custard Apple),5
58,Rooh Afza,4
58,Tutti Frutti,4
58,Guava,4
58,Coffee,5
58,Strawberry,4
58,Cookie Dough,5
58,Tender Coconut,5
58,Malai Kulfi,5
58,Pan (Betel Leaf),5
58,Chocolate Almond,5
58,Chocolate,5
58,Salted Caramel,5
58,Tiramisu,5
58,Coconut,4
58,Thandai,5
59,Jackfruit,5
59,Peanut Butter Cup,2
59,Red Velvet,4
59,Mango Sorbet,5
59,Cookies and Cream,4
59,Gulkand,5
59,Kesar Pista Kulfi,3
59,Cookie Dough,4
59,Rooh Afza,5
59,Blueberry Cheesecake,5
59,Lemon Sorbet,5
59,Chocolate Fudge,3
59,Rocky Road,2
59,Dry Fruit,4
59,Gajar Halwa,4
59,Guava,5
59,Mango Kulfi,5
60,Malai Kulfi,5
60,Butterscotch,5
60,Rose (Gulab),5
60,Coffee,5
60,Dry Fruit,5
60,Rooh Afza,5
60,Rabri,5
60,Birthday Cake,5
60,Ferrero Rocher,5
60,Mango Sorbet,4
60,Salted Caramel,5
60,Elaichi (Cardamom),5
60,Aamras,4
60,Tender Coconut,4
60,Black Currant,4
60,Mint Chocolate Chip,5
60,Custard,5
60,Vanilla,4
61,Kaju Draksh,4
61,Jamun,5
61,Gulkand,4
61,Jackfruit,5
61,Thandai,4
61,Birthday Cake,5
61,Coffee,4
61,Elaichi (Cardamom),5
61,Cookies and Cream,5
61,Pineapple,5
61,Salted Caramel,5
61,Chocolate Almond,4
61,Dry Fruit,4
61,Black Currant,5
61,Badam (Almond),3
61,Chocolate Fudge,5
62,Red Velvet,5
62,Chocolate Almond,5
62,Litchi,3
62,S'mores,5
62,Vanilla,4
62,Strawberry,3
62,Thandai,5
62,Jamun,3
62,Rabri,5
62,Birthday Cake,5
62,Elaichi (Cardamom),5
62,Neapolitan,5
62,Lemon Sorbet,3
62,Mango Sorbet,3
62,Peanut Butter Cup,5
62,Biscoff,5
63,Litchi,4
63,Tutti Frutti,4
63,Gajar Halwa,5
63,Sweet Corn,5
63,Dark Chocolate,5
63,Gulkand,5
63,Rooh Afza,5
63,Mango Alphonso,4
63,Guava,4
63,Malai Kulfi,5
63,Birthday Cake,5
63,Peanut Butter Cup,5
63,Vanilla,5
63,Orange Cream,4
63,Chocolate,5
63,Red Velvet,5
63,Badam (Almond),5
63,Peach,3
63,Tender Coconut,5
63,Anjeer (Fig),4
63,Mango Kulfi,4
63,Strawberry Cheesecake,4
64,Lavender Honey,4
64,Hazelnut,5
64,Peanut Butter Cup,5
64,Cookie Dough,5
64,Tiramisu,5
64,Coconut,4
64,Chocolate Almond,5
64,Blueberry Cheesecake,4
64,Orange Cream,4
64,Salted Caramel,5
64,Mango Alphonso,4
64,Peach,4
64,Gajar Halwa,5
64,Tutti Frutti,4
64,Elaichi (Cardamom),5
64,Chocolate Fudge,5
64,Badam (Almond),5
64,Matcha Green Tea,5
65,Custard,5
65,Peanut Butter Cup,4
65,Chocolate,4
65,Mint Chocolate Chip,5
65,Dark Chocolate,4
65,Rooh Afza,5
65,Rose (Gulab),4
65,Coconut,5
65,Kesar Pista Kulfi,4
65,Rocky Road,3
65,Cookies and Cream,5
65,Pan (Betel Leaf),4
65,Aamras,5
65,Strawberry Cheesecake,5
65,Salted Caramel,5
65,Strawberry,5
66,Jackfruit,4
66,Sweet Corn,5
66,Peach,5
66,Badam (Almond),5
66,Pista (Pistachio),5
66,S'mores,5
66,Blueberry Cheesecake,5
66,Mango Sorbet,4
66,Lavender Honey,5
66,Biscoff,5
66,Chocolate,5
66,Dry Fruit,5
66,Black Currant,4
66,Red Velvet,5
66,Thandai,5
66,Gajar Halwa,5
66,Aamras,5
66,Coffee,5
66,Neapolitan,5
66,Custard,5
67,Salted Caramel,5
67,Chocolate Almond,5
67,Black Currant,4
67,Red Velvet,5
67,Chocolate,4
67,Custard,5
67,Neapolitan,4
67,Vanilla,5
67,Strawberry Cheesecake,4
67,Kaju Draksh,5
67,Dark Chocolate,4
67,Kesar Pista Kulfi,5
67,Rocky Road,5
67,Aamras,5
67,Chikoo (Sapodilla),5
67,Biscoff,5
68,Kaju Draksh,3
68,Butterscotch,4
68,Rocky Road,2
68,Biscoff,4
68,Gulkand,4
68,Vanilla,4
68,Anjeer (Fig),5
68,Pista (Pistachio),3
68,Watermelon Sorbet,5
68,Thandai,4
68,Gajar Halwa,3
68,Rooh Afza,5
68,Strawberry,5
68,Jackfruit,5
68,Black Currant,5
68,Blueberry Cheesecake,5
68,Dry Fruit,3
68,Red Velvet,3
68,Tender Coconut,5
68,Pan (Betel Leaf),4
68,Cookie Dough,4
69,Strawberry,5
69,Tender Coconut,5
69,Matcha Green Tea,5
69,Rabri,4
69,Cookie Dough,4
69,Mint Chocolate Chip,4
69,Strawberry Cheesecake,5
69,Tiramisu,5
69,Aamras,5
69,Mango Sorbet,5
69,Rooh Afza,5
69,Gulkand,5
69,Elaichi (Cardamom),4
69,Kesar (Saffron),4
69,Cookies and Cream,4
69,Badam (Almond),4
69,Black Currant,5
69,Kaju Draksh,4
69,Neapolitan,5
70,Biscoff,5
70,Gajar Halwa,5
70,Dry Fruit,5
70,Lemon Sorbet,3
70,Aamras,4
70,Mango Sorbet,3
70,Jackfruit,4
70,Sweet Corn,4
70,Coconut,4
70,Strawberry,4
70,Matcha Green Tea,4
70,Rabri,5
70,Chocolate Almond,5
70,Thandai,5
70,Red Velvet,5
70,Lavender Honey,4
70,Pista (Pistachio),5
70,Coffee,5
70,Peanut Butter Cup,5
71,Tiramisu,5
71,Jamun,3
71,Dark Chocolate,5
71,Mango Kulfi,3
71,Tender Coconut,4
71,Peanut Butter Cup,5
71,Pan (Betel Leaf),4
71,Black Currant,3
71,Matcha Green Tea,4
71,Blueberry Cheesecake,3
71,Gulkand,4
71,Kesar Pista Kulfi,4
71,Mint Chocolate Chip,5
71,Cookies and Cream,5
71,Mango Sorbet,3
71,Kesar (Saffron),5
71,Watermelon Sorbet,2
71,Gajar Halwa,5
71,Tutti Frutti,3
71,Lavender Honey,4
71,Custard,4
72,Kaju Draksh,5
72,Kesar (Saffron),5
72,Pan (Betel Leaf),5
72,Ferrero Rocher,5
72,Thandai,5
72,Anjeer (Fig),4
72,Sitaphal (Custard Apple),5
72,Cookie Dough,4
72,Jamun,4
72,Red Velvet,5
72,Rocky Road,5
72,Chocolate Fudge,4
72,Litchi,5
72,Coconut,5
72,Gajar Halwa,5
72,Blueberry Cheesecake,4
72,Lavender Honey,5
72,Gulkand,5
72,Orange Cream,5
73,Peach,5
73,Rabri,4
73,Butterscotch,4
73,Kesar (Saffron),4
73,Dry Fruit,4
73,Tutti Frutti,5
73,Tiramisu,4
73,Pan (Betel Leaf),5
73,Matcha Green Tea,5
73,Litchi,5
73,Rooh Afza,5
73,Anjeer (Fig),5
73,Cookies and Cream,3
73,Caramel Swirl,4
73,Chocolate,3
73,Mango Sorbet,5
73,Coffee,4
73,Badam (Almond),4
73,Pista (Pistachio),3
73,Hazelnut,2
73,Red Velvet,3
73,Rose (Gulab),5
74,Rose (Gulab),5
74,Kesar (Saffron),4
74,Matcha Green Tea,4
74,Dry Fruit,4
74,Chikoo (Sapodilla),5
74,Rooh Afza,5
74,Jackfruit,5
74,Chocolate Fudge,4
74,Dark Chocolate,4
74,Peanut Butter Cup,4
74,Custard,4
74,Guava,5
74,Birthday Cake,5
74,Coffee,4
74,Black Currant,4
74,Watermelon Sorbet,5
74,Rajbhog,4
74,Blueberry Cheesecake,5
74,Sitaphal (Custard Apple),5
75,Pan (Betel Leaf),4
75,Rajbhog,5
75,Lemon Sorbet,5
75,Matcha Green Tea,4
75,Butterscotch,5
75,Caramel Swirl,5
75,Chocolate Almond,4
75,Thandai,4
75,Salted Caramel,5
75,Neapolitan,5
75,Coffee,4
75,Tender Coconut,5
75,Rabri,5
75,Mango Kulfi,5
75,Kaju Draksh,4
75,Mint Chocolate Chip,5
75,Jamun,5
75,Dark Chocolate,4
75,S'mores,5
76,Vanilla,5
76,Mint Chocolate Chip,5
76,Mango Alphonso,4
76,Dark Chocolate,5
76,Gulkand,4
76,Lemon Sorbet,3
76,Dry Fruit,5
76,Rooh Afza,5
76,Blueberry Cheesecake,4
76,Guava,4
76,Pan (Betel Leaf),4
76,Custard,5
76,Jackfruit,4
76,Chocolate,5
76,Sitaphal (Custard Apple),5
76,Badam (Almond),5
76,Tender Coconut,4
76,Rabri,5
76,Birthday Cake,5
76,Red Velvet,5
76,Anjeer (Fig),4
77,Strawberry,5
77,Cookie Dough,3
77,Anjeer (Fig),5
77,Salted Caramel,4
77,Orange Cream,5
77,Coconut,5
77,Mango Sorbet,5
77,Jackfruit,5
77,Kesar (Saffron),4
77,Matcha Green Tea,5
77,Neapolitan,5
77,Sweet Corn,5
77,Peanut Butter Cup,1
77,Hazelnut,2
77,Pan (Betel Leaf),4
77,Sitaphal (Custard Apple),5
78,Chocolate Fudge,5
78,Biscoff,5
78,Gajar Halwa,5
78,S'mores,5
78,Mint Chocolate Chip,5
78,Gulkand,5
78,Elaichi (Cardamom),5
78,Cookie Dough,5
78,Matcha Green Tea,4
78,Rose (Gulab),4
78,Red Velvet,5
78,Chocolate Almond,4
78,Caramel Swirl,5
78,Aamras,5
78,Pan (Betel Leaf),4
78,Coffee,4
78,Rooh Afza,5
78,Tutti Frutti,5
78,Strawberry,5
78,Mango Kulfi,5
78,Lemon Sorbet,5
78,Sitaphal (Custard Apple),5
79,Matcha Green Tea,5
79,Jackfruit,5
79,Badam (Almond),3
79,Ferrero Rocher,2
79,Salted Caramel,4
79,Aamras,5
79,Orange Cream,5
79,Coconut,5
79,Strawberry,5
79,Mint Chocolate Chip,3
79,Dry Fruit,3
79,Rose (Gulab),4
79,Blueberry Cheesecake,5
79,Vanilla,4
79,Chikoo (Sapodilla),5
80,Kesar (Saffron),5
80,Cookie Dough,5
80,S'mores,5
80,Red Velvet,5
80,Dry Fruit,5
80,Rose (Gulab),5
80,Mango Sorbet,4
80,Watermelon Sorbet,4
80,Mango Kulfi,5
80,Birthday Cake,5
80,Cookies and Cream,5
80,Chocolate Almond,5
80,Coconut,5
80,Kesar Pista Kulfi,5
80,Pista (Pistachio),5
80,Aamras,5
80,Thandai,5
80,Ferrero Rocher,5
80,Gajar Halwa,5
80,Blueberry Cheesecake,5
81,Cookies and Cream,5
81,Strawberry Cheesecake,5
81,Ferrero Rocher,4
81,Rocky Road,4
81,Mango Kulfi,5
81,Chikoo (Sapodilla),5
81,Litchi,5
81,Gulkand,4
81,Orange Cream,5
81,Cookie Dough,5
81,Matcha Green Tea,4
81,Kaju Draksh,4
81,Dark Chocolate,4
81,Rabri,5
81,Salted Caramel,5
81,Watermelon Sorbet,5
82,Pan (Betel Leaf),4
82,Ferrero Rocher,4
82,Lavender Honey,4
82,Watermelon Sorbet,5
82,Strawberry Cheesecake,5
82,Caramel Swirl,5
82,Coconut,5
82,Kesar Pista Kulfi,4
82,Rocky Road,4
82,Aamras,5
82,Orange Cream,5
82,Black Currant,4
82,Anjeer (Fig),5
82,Litchi,5
82,S'mores,4
82,Chocolate Fudge,4
82,Mango Kulfi,5
82,Kesar (Saffron),4
82,Blueberry Cheesecake,5
82,Chikoo (Sapodilla),4
82,Rooh Afza,4
83,Chikoo (Sapodilla),5
83,Rooh Afza,5
83,Cookie Dough,5
83,Kaju Draksh,5
83,Jamun,4
83,Sitaphal (Custard Apple),5
83,Litchi,4
83,Kesar (Saffron),5
83,Rabri,5
83,Red Velvet,5
83,Badam (Almond),5
83,Rose (Gulab),5
83,Tutti Frutti,4
83,Mango Sorbet,4
83,Birthday Cake,5
84,Peach,5
84,Birthday Cake,5
84,Mango Sorbet,4
84,Strawberry,4
84,Pineapple,4
84,Lavender Honey,5
84,Kesar (Saffron),5
84,Matcha Green Tea,5
84,Rocky Road,5
84,Tiramisu,5
84,Butterscotch,5
84,Rooh Afza,5
84,Vanilla,5
84,Strawberry Cheesecake,4
84,Chocolate Almond,5
84,Chikoo (Sapodilla),5
84,Peanut Butter Cup,5
85,Neapolitan,5
85,Ferrero Rocher,5
85,Jackfruit,5
85,Strawberry,5
85,Sitaphal (Custard Apple),5
85,Aamras,5
85,Blueberry Cheesecake,4
85,Mango Sorbet,4
85,Malai Kulfi,5
85,Salted Caramel,5
85,Rooh Afza,5
85,Matcha Green Tea,5
85,Mango Alphonso,5
85,Gulkand,5
85,Caramel Swirl,5
85,Chocolate,5
85,Custard,5
85,Lemon Sorbet,2
85,S'mores,4
85,Kesar Pista Kulfi,5
85,Coconut,5
85,Tutti Frutti,5
86,Strawberry,5
86,Gajar Halwa,4
86,Sitaphal (Custard Apple),5
86,Salted Caramel,5
86,Mango Alphonso,5
86,Vanilla,4
86,Rose (Gulab),5
86,Gulkand,5
86,Kaju Draksh,4
86,Mint Chocolate Chip,4
86,Guava,5
86,Litchi,5
86,Butterscotch,5
86,Dry Fruit,3
86,Anjeer (Fig),5
86,Jamun,5
86,Peach,5
86,S'mores,4
86,Cookie Dough,4
86,Caramel Swirl,5
87,Blueberry Cheesecake,4
87,Lemon Sorbet,2
87,Red Velvet,5
87,Kaju Draksh,5
87,Pan (Betel Leaf),4
87,Matcha Green Tea,4
87,Dark Chocolate,5
87,Salted Caramel,5
87,Biscoff,5
87,Rajbhog,5
87,Kesar Pista Kulfi,5
87,Pista (Pistachio),5
87,Coffee,5
87,Guava,3
87,Kesar (Saffron),5
87,Chocolate Almond,5
87,Rose (Gulab),3
88,Jackfruit,5
88,Elaichi (Cardamom),5
88,Coconut,5
88,Peach,5
88,Gajar Halwa,5
88,Chocolate Fudge,5
88,Ferrero Rocher,4
88,Kesar (Saffron),4
88,Cookie Dough,5
88,Biscoff,5
88,Rose (Gulab),4
88,Black Currant,5
88,Cookies and Cream,4
88,Lavender Honey,5
88,Rocky Road,4
88,Mango Alphonso,5
88,Dark Chocolate,5
88,Matcha Green Tea,4
88,Gulkand,5
88,Tender Coconut,5
89,Jackfruit,5
89,Chikoo (Sapodilla),5
89,Strawberry,5
89,Red Velvet,5
89,Guava,5
89,Ferrero Rocher,5
89,Dry Fruit,4
89,Mint Chocolate Chip,4
89,Matcha Green Tea,4
89,Lemon Sorbet,4
89,Badam (Almond),4
89,Sweet Corn,5
89,Rajbhog,4
89,Hazelnut,4
89,Custard,5
89,Jamun,4
89,Mango Sorbet,5
90,Blueberry Cheesecake,5
90,Gulkand,5
90,Black Currant,5
90,Chikoo (Sapodilla),5
90,Mango Kulfi,5
90,Salted Caramel,5
90,Rajbhog,3
90,Red Velvet,3
90,Orange Cream,5
90,Kesar Pista Kulfi,3
90,Strawberry Cheesecake,5
90,Tutti Frutti,5
90,Elaichi (Cardamom),4
90,Neapolitan,5
90,Sitaphal (Custard Apple),5
90,Jamun,5
90,Gajar Halwa,4
91,Custard,5
91,Strawberry Cheesecake,4
91,Gulkand,4
91,Sitaphal (Custard Apple),4
91,Tutti Frutti,4
91,Elaichi (Cardamom),5
91,Chocolate Almond,5
91,Black Currant,4
91,Butterscotch,5
91,Mint Chocolate Chip,5
91,Red Velvet,5
91,Mango Sorbet,4
91,Pan (Betel Leaf),5
91,Rocky Road,5
91,Cookie Dough,5
91,Chocolate,5
91,Dark Chocolate,5
92,Thandai,5
92,Lavender Honey,5
92,Matcha Green Tea,5
92,Neapolitan,5
92,Gajar Halwa,5
92,Red Velvet,5
92,Badam (Almond),5
92,Dry Fruit,5
92,Cookies and Cream,5
92,Caramel Swirl,5
92,Black Currant,5
92,Mango Alphonso,5
92,Orange Cream,4
92,Sweet Corn,5
92,Dark Chocolate,5
92,Vanilla,5
93,Chocolate Almond,5
93,Rooh Afza,5
93,Malai Kulfi,5
93,Anjeer (Fig),4
93,Rabri,5
93,Tiramisu,5
93,Cookie Dough,5
93,Hazelnut,5
93,S'mores,5
93,Watermelon Sorbet,4
93,Sweet Corn,5
93,Strawberry Cheesecake,4
93,Kesar Pista Kulfi,5
93,Kesar (Saffron),5
93,Kaju Draksh,5
93,Jackfruit,4
94,Strawberry Cheesecake,5
94,Mint Chocolate Chip,5
94,Lemon Sorbet,3
94,Birthday Cake,5
94,Rose (Gulab),5
94,Vanilla,5
94,Tiramisu,5
94,Cookies and Cream,4
94,Lavender Honey,5
94,Gajar Halwa,5
94,Watermelon Sorbet,4
94,Peach,5
94,Rajbhog,5
94,Thandai,5
94,Kesar Pista Kulfi,5
94,Butterscotch,5
94,Dark Chocolate,5
94,Custard,5
95,Badam (Almond),5
95,Coffee,5
95,Neapolitan,4
95,Salted Caramel,5
95,Matcha Green Tea,5
95,Mint Chocolate Chip,5
95,Mango Sorbet,4
95,Tender Coconut,5
95,Malai Kulfi,5
95,Red Velvet,5
95,Sitaphal (Custard Apple),5
95,Anjeer (Fig),5
95,Jamun,3
95,Kesar Pista Kulfi,5
95,Blueberry Cheesecake,4
95,Orange Cream,4
95,Peach,4
95,Custard,5
95,Mango Alphonso,4
95,Vanilla,5
95,Pan (Betel Leaf),5
95,Rabri,5
96,Sweet Corn,4
96,Lemon Sorbet,3
96,Guava,4
96,Badam (Almond),5
96,S'mores,5
96,Lavender Honey,5
96,Watermelon Sorbet,4
96,Red Velvet,5
96,Dry Fruit,5
96,Pista (Pistachio),5
96,Rocky Road,5
96,Coffee,5
96,Custard,5
96,Kesar Pista Kulfi,5
96,Pineapple,4
96,Neapolitan,5
96,Mango Alphonso,4
96,Strawberry,4
96,Rabri,5
97,Jamun,5
97,Guava,5
97,Dark Chocolate,3
97,Peanut Butter Cup,2
97,Kesar Pista Kulfi,3
97,Litchi,5
97,Jackfruit,5
97,Neapolitan,5
97,Rabri,4
97,Vanilla,5
97,Biscoff,4
97,Orange Cream,5
97,Ferrero Rocher,2
97,Rocky Road,2
97,Tender Coconut,5
97,Custard,4
97,Mango Alphonso,5
97,Gulkand,5
98,Pista (Pistachio),5
98,Elaichi (Cardamom),5
98,Tender Coconut,5
98,Jackfruit,5
98,Peanut Butter Cup,5
98,Jamun,4
98,Tiramisu,5
98,Sweet Corn,5
98,Kesar Pista Kulfi,5
98,Strawberry Cheesecake,4
98,Orange Cream,4
98,Rooh Afza,5
98,Kaju Draksh,5
98,Dry Fruit,5
98,Watermelon Sorbet,3
98,Mint Chocolate Chip,5
98,Cookies and Cream,4
98,Badam (Almond),5
98,Tutti Frutti,5
98,Red Velvet,4
98,Blueberry Cheesecake,5
99,Matcha Green Tea,4
99,Strawberry Cheesecake,5
99,Chocolate,5
99,Strawberry,5
99,Rajbhog,5
99,Peach,5
99,Jamun,5
99,Blueberry Cheesecake,5
99,Badam (Almond),3
99,Neapolitan,5
99,Chocolate Almond,4
99,Mango Alphonso,5
99,Lavender Honey,5
99,Kesar (Saffron),4
99,Coconut,5
99,Rocky Road,4
99,Anjeer (Fig),5
100,Litchi,5
100,Mango Sorbet,5
100,Orange Cream,5
100,Aamras,5
100,Kesar (Saffron),5
100,Pineapple,5
100,Watermelon Sorbet,5
100,Birthday Cake,5
100,Tiramisu,5
100,Chikoo (Sapodilla),5
100,Dry Fruit,4
100,Rose (Gulab),5
100,Tutti Frutti,5
100,Mango Kulfi,5
100,Red Velvet,5
101,Tutti Frutti,4
101,Pineapple,4
101,Strawberry Cheesecake,4
101,Orange Cream,5
101,Chocolate Fudge,4
101,Malai Kulfi,5
101,Kesar Pista Kulfi,5
101,Ferrero Rocher,5
101,Lemon Sorbet,3
101,Chocolate Almond,5
101,Anjeer (Fig),4
101,Elaichi (Cardamom),5
101,Strawberry,5
101,Sweet Corn,5
101,Cookies and Cream,5
102,S'mores,5
102,Jackfruit,5
102,Tender Coconut,5
102,Chocolate Fudge,5
102,Dark Chocolate,5
102,Lemon Sorbet,5
102,Aamras,5
102,Coffee,5
102,Jamun,5
102,Rajbhog,5
102,Hazelnut,5
102,Salted Caramel,5
102,Birthday Cake,5
102,Sweet Corn,5
102,Pineapple,4
102,Blueberry Cheesecake,5
103,Chikoo (Sapodilla),5
103,Lavender Honey,4
103,Matcha Green Tea,5
103,Rooh Afza,5
103,Strawberry,4
103,Ferrero Rocher,5
103,Dry Fruit,5
103,Coconut,4
103,Kesar (Saffron),5
103,Caramel Swirl,5
103,Mango Alphonso,4
103,Anjeer (Fig),4
103,Elaichi (Cardamom),5
103,Dark Chocolate,5
103,Pista (Pistachio),5
103,Biscoff,5
103,Thandai,5
103,Peach,4
103,Blueberry Cheesecake,5
103,Chocolate Almond,5
103,Tutti Frutti,4
104,Gajar Halwa,5
104,Sweet Corn,5
104,Custard,5
104,Kaju Draksh,5
104,Anjeer (Fig),5
104,Butterscotch,5
104,Matcha Green Tea,4
104,Coffee,5
104,Lemon Sorbet,5
104,Red Velvet,5
104,Black Currant,5
104,Chikoo (Sapodilla),5
104,Mint Chocolate Chip,5
104,Vanilla,5
104,Hazelnut,4
105,Chikoo (Sapodilla),5
105,Badam (Almond),5
105,Anjeer (Fig),5
105,Rajbhog,5
105,Pineapple,3
105,Aamras,5
105,Cookie Dough,5
105,Tiramisu,5
105,Malai Kulfi,5
105,Biscoff,5
105,Kesar (Saffron),5
105,Watermelon Sorbet,4
105,S'mores,5
105,Strawberry Cheesecake,5
105,Jackfruit,5
105,Rooh Afza,5
106,Kesar (Saffron),5
106,Chocolate Fudge,4
106,Cookie Dough,5
106,Strawberry,5
106,Chocolate Almond,5
106,Peach,4
106,Peanut Butter Cup,5
106,Rocky Road,5
106,Matcha Green Tea,5
106,Lemon Sorbet,2
106,Butterscotch,5
106,Birthday Cake,5
106,Red Velvet,5
106,Aamras,5
106,Tutti Frutti,5
107,Kaju Draksh,4
107,Cookies and Cream,5
107,Blueberry Cheesecake,3
107,Mango Alphonso,3
107,Pista (Pistachio),5
107,Peanut Butter Cup,5
107,Sweet Corn,4
107,S'mores,5
107,Anjeer (Fig),4
107,Red Velvet,5
107,Elaichi (Cardamom),5
107,Coffee,5
107,Sitaphal (Custard Apple),4
107,Gulkand,4
107,Watermelon Sorbet,3
108,Red Velvet,3
108,Mango Kulfi,5
108,Pineapple,5
108,Lemon Sorbet,5
108,Peach,5
108,Dark Chocolate,3
108,Blueberry Cheesecake,5
108,Rabri,4
108,Black Currant,5
108,Rose (Gulab),4
108,Chocolate,3
108,Gajar Halwa,4
108,Chocolate Fudge,3
108,Tiramisu,4
108,Rooh Afza,5
108,Kaju Draksh,4
109,Guava,4
109,Cookies and Cream,5
109,Matcha Green Tea,5
109,Tiramisu,5
109,Coffee,5
109,Caramel Swirl,5
109,Dark Chocolate,4
109,Malai Kulfi,5
109,Anjeer (Fig),4
109,Kaju Draksh,5
109,Lavender Honey,5
109,Rabri,5
109,Chocolate Almond,5
109,Rose (Gulab),5
109,Vanilla,5
110,Dry Fruit,3
110,Kesar (Saffron),4
110,Kesar Pista Kulfi,4
110,Coffee,4
110,Tender Coconut,5
110,Matcha Green Tea,5
110,Aamras,5
110,Mango Sorbet,5
110,Badam (Almond),3
110,Mango Kulfi,5
110,Chocolate,3
110,Tutti Frutti,5
110,Lavender Honey,4
110,Red Velvet,3
110,Peanut Butter Cup,2
110,Strawberry Cheesecake,5
110,Watermelon Sorbet,5
110,Rajbhog,4
111,Coffee,5
111,Tender Coconut,5
111,Aamras,5
111,Orange Cream,5
111,Jackfruit,5
111,Chocolate Fudge,4
111,Coconut,5
111,Litchi,5
111,Mango Kulfi,5
111,Tutti Frutti,5
111,Rooh Afza,5
111,Lavender Honey,4
111,Peanut Butter Cup,4
111,Gajar Halwa,4
111,Dark Chocolate,4
111,Cookie Dough,4
111,Rocky Road,4
112,Sweet Corn,5
112,Rose (Gulab),5
112,Jamun,5
112,Chocolate Almond,5
112,Aamras,4
112,Birthday Cake,5
112,Pineapple,4
112,Watermelon Sorbet,4
112,Gajar Halwa,5
112,Strawberry,4
112,Black Currant,5
112,Litchi,5
112,Mango Kulfi,5
112,Mango Sorbet,4
112,Gulkand,5
112,Blueberry Cheesecake,5
112,Rooh Afza,5
112,Kaju Draksh,5
112,Pista (Pistachio),5
112,Thandai,5
112,Mango Alphonso,5
112,Custard,5
113,Watermelon Sorbet,5
113,Badam (Almond),3
113,Cookies and Cream,4
113,Matcha Green Tea,4
113,Blueberry Cheesecake,5
113,Anjeer (Fig),4
113,Rose (Gulab),4
113,Chikoo (Sapodilla),5
113,Malai Kulfi,5
113,Tiramisu,4
113,Rooh Afza,4
113,Gulkand,5
113,Salted Caramel,4
113,Sweet Corn,4
113,Mango Kulfi,5
113,Thandai,4
113,Coconut,5
113,Tender Coconut,4
113,Lemon Sorbet,4
113,Kesar Pista Kulfi,4
113,Custard,5
113,Mango Sorbet,5
114,Orange Cream,4
114,Cookie Dough,5
114,Biscoff,5
114,Peanut Butter Cup,5
114,Coffee,5
114,Rose (Gulab),5
114,Peach,4
114,Strawberry,4
114,Jackfruit,5
114,Thandai,5
114,Rooh Afza,5
114,Rajbhog,5
114,Pista (Pistachio),5
114,Black Currant,4
114,Chocolate Fudge,4
114,Strawberry Cheesecake,5
114,Cookies and Cream,4
114,Rabri,5
114,Tutti Frutti,5
115,Thandai,5
115,Tender Coconut,5
115,Matcha Green Tea,5
115,Custard,5
115,Pista (Pistachio),5
115,Kaju Draksh,5
115,Peach,5
115,Rocky Road,5
115,Elaichi (Cardamom),5
115,Rabri,5
115,Ferrero Rocher,5
115,Jackfruit,5
115,Gulkand,5
115,Tutti Frutti,5
115,Dry Fruit,5
115,Malai Kulfi,5
115,Biscoff,5
115,Aamras,5
115,Red Velvet,5
116,Mint Chocolate Chip,4
116,Lavender Honey,4
116,Neapolitan,4
116,Peanut Butter Cup,3
116,Tender Coconut,4
116,Chocolate Almond,4
116,Rooh Afza,5
116,Jamun,5
116,Mango Alphonso,5
116,Strawberry Cheesecake,5
116,Elaichi (Cardamom),4
116,Malai Kulfi,4
116,Mango Kulfi,5
116,Orange Cream,5
116,Litchi,4
116,Coffee,4
116,Custard,4
116,Chocolate Fudge,4
116,Pista (Pistachio),3
116,Sitaphal (Custard Apple),5
116,Blueberry Cheesecake,5
116,Kesar (Saffron),4
117,Mango Sorbet,5
117,Sitaphal (Custard Apple),5
117,Elaichi (Cardamom),4
117,Neapolitan,5
117,Gulkand,5
117,Jamun,5
117,Custard,4
117,Chocolate Fudge,2
117,Gajar Halwa,4
117,Blueberry Cheesecake,5
117,Peanut Butter Cup,2
117,Aamras,5
117,Cookie Dough,3
117,Badam (Almond),3
117,Tutti Frutti,5
117,Rocky Road,2
117,Hazelnut,3
118,Caramel Swirl,4
118,Pista (Pistachio),3
118,Tutti Frutti,5
118,Birthday Cake,4
118,Tiramisu,4
118,Mint Chocolate Chip,3
118,Chocolate Fudge,2
118,Kaju Draksh,4
118,Strawberry Cheesecake,5
118,Mango Alphonso,5
118,Coconut,5
118,Coffee,4
118,Rocky Road,1
118,Chocolate,2
118,Neapolitan,5
118,Sitaphal (Custard Apple),5
118,Pan (Betel Leaf),5
118,Cookie Dough,4
118,Mango Sorbet,5
119,Rose (Gulab),5
119,Badam (Almond),5
119,Ferrero Rocher,5
119,Chocolate,5
119,Mint Chocolate Chip,5
119,Neapolitan,5
119,Salted Caramel,5
119,Peach,5
119,Elaichi (Cardamom),5
119,Chocolate Almond,5
119,Thandai,5
119,Tiramisu,5
119,Caramel Swirl,5
119,Gajar Halwa,5
119,Rooh Afza,5
119,Black Currant,4
119,Pista (Pistachio),5
119,Rocky Road,5
119,S'mores,5
119,Cookie Dough,5
120,Guava,5
120,Rose (Gulab),5
120,Ferrero Rocher,1
120,Tutti Frutti,5
120,Rajbhog,3
120,Coffee,4
120,Cookies and Cream,3
120,Hazelnut,2
120,Mango Kulfi,5
120,Rocky Road,1
120,Butterscotch,4
120,Dry Fruit,3
120,Tender Coconut,4
120,Kesar Pista Kulfi,3
120,Vanilla,4
120,Pan (Betel Leaf),5
121,Neapolitan,5
121,Jamun,4
121,Anjeer (Fig),4
121,Butterscotch,5
121,Watermelon Sorbet,3
121,Tender Coconut,5
121,Blueberry Cheesecake,4
121,Chikoo (Sapodilla),5
121,Mango Sorbet,3
121,Rabri,5
121,Aamras,4
121,Pineapple,3
121,Mango Alphonso,4
121,Hazelnut,5
121,Rajbhog,5
122,Tutti Frutti,5
122,Neapolitan,5
122,Chikoo (Sapodilla),5
122,S'mores,3
122,Lavender Honey,4
122,Orange Cream,5
122,Mango Alphonso,5
122,Pista (Pistachio),3
122,Lemon Sorbet,5
122,Strawberry,5
122,Jamun,5
122,Rooh Afza,5
122,Dry Fruit,3
122,Sweet Corn,5
122,Aamras,5
123,Butterscotch,5
123,Strawberry Cheesecake,4
123,Strawberry,4
123,Anjeer (Fig),4
123,Elaichi (Cardamom),5
123,Black Currant,4
123,Litchi,4
123,Chocolate Fudge,5
123,Gulkand,4
123,Malai Kulfi,5
123,Pista (Pistachio),5
123,Matcha Green Tea,5
123,Coffee,5
123,Tender Coconut,4
123,Neapolitan,5
123,Dry Fruit,5
123,Tiramisu,5
123,Thandai,5
123,Mango Kulfi,4
124,Strawberry Cheesecake,5
124,Orange Cream,5
124,Pista (Pistachio),3
124,Gulkand,5
124,Pan (Betel Leaf),5
124,Peach,5
124,Coffee,4
124,Rose (Gulab),5
124,Matcha Green Tea,5
124,Guava,5
124,Mango Kulfi,5
124,Salted Caramel,5
124,Badam (Almond),3
124,Tiramisu,4
124,Chocolate Almond,2
124,Watermelon Sorbet,5
124,Neapolitan,5
124,Chocolate Fudge,2
124,Jamun,5
124,Mango Alphonso,5
124,Red Velvet,4
124,Mango Sorbet,5
125,Hazelnut,5
125,Rooh Afza,5
125,Peach,4
125,Red Velvet,5
125,Gulkand,5
125,Caramel Swirl,5
125,Matcha Green Tea,5
125,Dark Chocolate,5
125,Strawberry,4
125,Chocolate,5
125,Kaju Draksh,5
125,Cookies and Cream,5
125,Coffee,5
125,Black Currant,4
125,Rajbhog,5
125,Dry Fruit,5
126,Aamras,5
126,Rocky Road,5
126,Ferrero Rocher,5
126,Elaichi (Cardamom),5
126,Dark Chocolate,4
126,Kaju Draksh,5
126,Watermelon Sorbet,4
126,Biscoff,5
126,Rose (Gulab),5
126,Sweet Corn,5
126,Cookie Dough,5
126,Peanut Butter Cup,5
126,Mango Alphonso,4
126,Gajar Halwa,5
126,Pineapple,4
126,Hazelnut,5
126,Jackfruit,4
127,Chikoo (Sapodilla),5
127,Rajbhog,4
127,Sitaphal (Custard Apple),4
127,Chocolate Fudge,4
127,Watermelon Sorbet,5
127,Coffee,4
127,Tender Coconut,4
127,Rose (Gulab),4
127,Cookies and Cream,4
127,Lemon Sorbet,4
127,Mango Alphonso,5
127,Strawberry Cheesecake,5
127,Aamras,5
127,Chocolate Almond,4
127,Guava,5
127,Gajar Halwa,5
128,Pineapple,5
128,Badam (Almond),2
128,Rabri,3
128,Sitaphal (Custard Apple),5
128,Jamun,5
128,Sweet Corn,5
128,Mango Alphonso,5
128,Peanut Butter Cup,1
128,Litchi,5
128,Butterscotch,4
128,Red Velvet,3
128,Mint Chocolate Chip,3
128,Strawberry,5
128,Aamras,5
128,Rooh Afza,5
128,Ferrero Rocher,2
129,Peach,5
129,Rajbhog,5
129,Mint Chocolate Chip,5
129,Salted Caramel,5
129,Lavender Honey,4
129,Peanut Butter Cup,4
129,Guava,5
129,Orange Cream,5
129,Tiramisu,5
129,Anjeer (Fig),5
129,Lemon Sorbet,5
129,Kesar (Saffron),5
129,Aamras,5
129,Coconut,5
129,Birthday Cake,5
130,Pan (Betel Leaf),4
130,Vanilla,4
130,Kesar (Saffron),4
130,Birthday Cake,4
130,Dark Chocolate,3
130,Salted Caramel,4
130,Custard,4
130,Cookie Dough,4
130,Kaju Draksh,4
130,Lemon Sorbet,5
130,Guava,5
130,Mango Alphonso,5
130,S'mores,3
130,Red Velvet,3
130,Chocolate Almond,1
130,Gajar Halwa,3
130,Tender Coconut,5
130,Rajbhog,3
130,Hazelnut,2
130,Lavender Honey,4
131,Guava,5
131,Coconut,5
131,Mint Chocolate Chip,4
131,Neapolitan,5
131,Butterscotch,5
131,Ferrero Rocher,5
131,Coffee,5
131,Aamras,5
131,Pineapple,5
131,Peanut Butter Cup,4
131,Hazelnut,4
131,Kaju Draksh,4
131,Chocolate Almond,4
131,Biscoff,5
131,Mango Sorbet,5
131,Lemon Sorbet,5
131,Rocky Road,4
131,Mango Kulfi,5
132,Chocolate Fudge,5
132,Vanilla,4
132,Orange Cream,5
132,Strawberry,5
132,Jackfruit,5
132,Neapolitan,5
132,Gulkand,4
132,Gajar Halwa,4
132,S'mores,5
132,Rabri,5
132,Pineapple,5
132,Custard,4
132,Watermelon Sorbet,5
132,Elaichi (Cardamom),4
132,Anjeer (Fig),4
132,Cookie Dough,5
132,Coconut,5
132,Ferrero Rocher,4
133,Tiramisu,5
133,Rajbhog,5
133,Litchi,4
133,Elaichi (Cardamom),5
133,Coffee,5
133,S'mores,5
133,Badam (Almond),5
133,Sitaphal (Custard Apple),4
133,Lemon Sorbet,4
133,Rabri,5
133,Salted Caramel,5
133,Mango Sorbet,3
133,Aamras,4
133,Chocolate Almond,5
133,Kaju Draksh,5
133,Strawberry,4
133,Mango Kulfi,5
133,Guava,4
134,Mango Sorbet,4
134,Badam (Almond),5
134,Cookies and Cream,4
134,Sweet Corn,5
134,Watermelon Sorbet,4
134,Rooh Afza,5
134,Biscoff,5
134,Caramel Swirl,5
134,Mint Chocolate Chip,5
134,Cookie Dough,4
134,Tiramisu,5
134,Lavender Honey,5
134,Salted Caramel,5
134,Anjeer (Fig),5
134,Peanut Butter Cup,5
134,Ferrero Rocher,5
135,Chocolate Almond,5
135,Jackfruit,5
135,Lemon Sorbet,2
135,Caramel Swirl,5
135,Gajar Halwa,5
135,Thandai,5
135,Coffee,5
135,Peanut Butter Cup,5
135,Peach,4
135,Tutti Frutti,4
135,Dry Fruit,5
135,Tiramisu,5
135,Kaju Draksh,5
135,Pan (Betel Leaf),5
135,Chikoo (Sapodilla),5
135,Mango Alphonso,4
135,Jamun,4
135,Biscoff,5
135,Litchi,5
136,Aamras,3
136,Sitaphal (Custard Apple),4
136,Anjeer (Fig),4
136,Salted Caramel,5
136,Gulkand,4
136,Neapolitan,5
136,Rooh Afza,4
136,Strawberry,3
136,Rocky Road,5
136,Tutti Frutti,3
136,Kesar (Saffron),4
136,Jackfruit,4
136,Chocolate Fudge,5
136,Chocolate,5
136,Watermelon Sorbet,2
136,Kaju Draksh,5
136,Red Velvet,5
137,Aamras,5
137,Pista (Pistachio),5
137,Tiramisu,5
137,Kesar Pista Kulfi,5
137,Gulkand,5
137,Rooh Afza,5
137,Pineapple,4
137,Rabri,5
137,Orange Cream,5
137,Rocky Road,4
137,Pan (Betel Leaf),5
137,Butterscotch,5
137,Black Currant,5
137,Cookies and Cream,4
137,Peanut Butter Cup,5
137,Hazelnut,5
137,Chocolate Fudge,4
137,Neapolitan,4
137,Custard,5
137,Strawberry Cheesecake,5
137,Mint Chocolate Chip,5
138,Rocky Road,5
138,Gulkand,5
138,Butterscotch,5
138,Neapolitan,5
138,Pista (Pistachio),5
138,Pineapple,4
138,Jamun,3
138,Matcha Green Tea,5
138,Tender Coconut,4
138,Sitaphal (Custard Apple),4
138,Jackfruit,3
138,Anjeer (Fig),4
138,Mango Kulfi,4
138,Salted Caramel,5
138,Lemon Sorbet,3
138,S'mores,5
138,Tutti Frutti,4
138,Rabri,5
138,Chocolate,5
138,Rooh Afza,5
138,Tiramisu,5
138,Sweet Corn,4
139,Red Velvet,5
139,Pan (Betel Leaf),5
139,Chocolate Almond,5
139,Badam (Almond),5
139,Mint Chocolate Chip,5
139,Salted Caramel,5
139,Mango Kulfi,5
139,Rocky Road,5
139,Chocolate,4
139,Neapolitan,5
139,Peach,5
139,Chocolate Fudge,4
139,Anjeer (Fig),5
139,Lemon Sorbet,3
139,Rooh Afza,5
139,Coconut,5
139,Black Currant,4
139,Custard,5
140,Lemon Sorbet,3
140,Anjeer (Fig),4
140,Chocolate,5
140,Cookies and Cream,5
140,Peanut Butter Cup,5
140,Thandai,5
140,Litchi,3
140,Lavender Honey,5
140,Butterscotch,5
140,Peach,3
140,Jamun,4
140,Tiramisu,5
140,S'mores,5
140,Gajar Halwa,5
140,Gulkand,4
140,Kaju Draksh,5
140,Birthday Cake,5
140,Mango Kulfi,4
141,Tiramisu,3
141,Rose (Gulab),5
141,Ferrero Rocher,1
141,Salted Caramel,5
141,Mango Sorbet,5
141,Caramel Swirl,4
141,Chocolate Almond,2
141,Black Currant,5
141,Litchi,5
141,Chocolate Fudge,2
141,Sitaphal (Custard Apple),5
141,Pan (Betel Leaf),5
141,Coconut,5
141,Red Velvet,3
141,Kesar (Saffron),4
142,Kesar Pista Kulfi,4
142,Chikoo (Sapodilla),5
142,Neapolitan,5
142,Rajbhog,4
142,Black Currant,5
142,Watermelon Sorbet,5
142,Ferrero Rocher,4
142,S'mores,5
142,Lavender Honey,5
142,Peanut Butter Cup,4
142,Gajar Halwa,5
142,Chocolate Almond,4
142,Cookie Dough,5
142,Salted Caramel,5
142,Matcha Green Tea,4
142,Badam (Almond),3
142,Thandai,4
142,Red Velvet,5
142,Tender Coconut,5
143,Peach,5
143,Black Currant,5
143,Aamras,5
143,Chikoo (Sapodilla),5
143,Tiramisu,4
143,Ferrero Rocher,4
143,Pineapple,5
143,Rocky Road,4
143,Chocolate Fudge,4
143,Jackfruit,5
143,Mango Sorbet,5
143,Elaichi (Cardamom),4
143,Guava,5
143,Salted Caramel,5
143,Pista (Pistachio),4
144,Rocky Road,5
144,Kaju Draksh,5
144,Salted Caramel,5
144,Strawberry Cheesecake,5
144,Tiramisu,5
144,Chocolate,4
144,Mango Alphonso,5
144,Blueberry Cheesecake,5
144,Strawberry,5
144,Chocolate Almond,5
144,Rajbhog,5
144,Pineapple,4
144,Pista (Pistachio),5
144,S'mores,4
144,Orange Cream,5
144,Lavender Honey,5
145,Sitaphal (Custard Apple),5
145,Mango Alphonso,5
145,Mint Chocolate Chip,4
145,Pista (Pistachio),4
145,Kesar Pista Kulfi,4
145,Custard,5
145,Neapolitan,5
145,Pineapple,5
145,Hazelnut,3
145,Peach,5
145,Malai Kulfi,4
145,Sweet Corn,5
145,Rose (Gulab),5
145,Chocolate Fudge,3
145,S'mores,4
145,Rabri,4
146,Tender Coconut,4
146,Rocky Road,4
146,Dry Fruit,4
146,Hazelnut,4
146,Thandai,4
146,Orange Cream,4
146,Lavender Honey,5
146,Mango Kulfi,5
146,Caramel Swirl,5
146,Rose (Gulab),5
146,Tiramisu,4
146,Matcha Green Tea,4
146,Sitaphal (Custard Apple),4
146,Black Currant,5
146,Birthday Cake,5
146,Watermelon Sorbet,5
146,Malai Kulfi,4
146,Salted Caramel,5
146,Peanut Butter Cup,4
146,Dark Chocolate,4
146,Chocolate,4
147,Tutti Frutti,4
147,Biscoff,5
147,Birthday Cake,5
147,Black Currant,4
147,Salted Caramel,5
147,Gajar Halwa,5
147,Kesar Pista Kulfi,5
147,Blueberry Cheesecake,4
147,Strawberry Cheesecake,4
147,Pan (Betel Leaf),5
147,Butterscotch,5
147,Litchi,3
147,Mango Sorbet,4
147,Badam (Almond),5
147,Jamun,4
147,Malai Kulfi,5
147,Sweet Corn,4
147,Pineapple,3
147,Hazelnut,5
148,Aamras,5
148,Gajar Halwa,4
148,Vanilla,5
148,Badam (Almond),4
148,Watermelon Sorbet,5
148,Elaichi (Cardamom),4
148,Jackfruit,5
148,Matcha Green Tea,4
148,Chocolate Fudge,4
148,Cookies and Cream,5
148,Mango Kulfi,5
148,Guava,5
148,Birthday Cake,5
148,Dry Fruit,4
148,Hazelnut,4
148,Tiramisu,5
148,Coconut,5
148,Tender Coconut,5
149,Ferrero Rocher,4
149,Matcha Green Tea,4
149,Thandai,4
149,Black Currant,4
149,Sitaphal (Custard Apple),5
149,Orange Cream,5
149,Malai Kulfi,4
149,Blueberry Cheesecake,5
149,Coconut,4
149,Neapolitan,5
149,Litchi,5
149,Rocky Road,4
149,Tutti Frutti,5
149,Biscoff,5
149,Rabri,4
149,Butterscotch,5
149,Rooh Afza,5
150,Birthday Cake,4
150,Coconut,5
150,Chikoo (Sapodilla),5
150,Hazelnut,3
150,Dark Chocolate,3
150,Jamun,5
150,Mango Kulfi,5
150,Malai Kulfi,4
150,Lavender Honey,5
150,Caramel Swirl,5
150,Litchi,5
150,Ferrero Rocher,2
150,Mango Sorbet,5
150,Rocky Road,2
150,Pineapple,5
150,Jackfruit,5
150,Black Currant,5
150,Gajar Halwa,4
150,Elaichi (Cardamom),5
150,Sitaphal (Custard Apple),5
150,Rabri,5
150,Orange Cream,5
151,Peach,5
151,Custard,5
151,Tiramisu,5
151,S'mores,5
151,Ferrero Rocher,5
151,Elaichi (Cardamom),5
151,Strawberry Cheesecake,5
151,Aamras,5
151,Chocolate Almond,5
151,Rocky Road,5
151,Cookies and Cream,5
151,Blueberry Cheesecake,5
151,Chikoo (Sapodilla),5
151,Tutti Frutti,5
151,Pineapple,5
152,Cookies and Cream,5
152,Aamras,4
152,Peach,4
152,Chikoo (Sapodilla),4
152,Kesar (Saffron),5
152,Ferrero Rocher,5
152,Chocolate Almond,5
152,Elaichi (Cardamom),5
152,Salted Caramel,5
152,Thandai,5
152,Gulkand,5
152,Peanut Butter Cup,5
152,Tutti Frutti,4
152,Sweet Corn,4
152,Dry Fruit,5
152,Hazelnut,5
152,Caramel Swirl,5
152,Biscoff,5
152,Tiramisu,5
152,S'mores,5
152,Lavender Honey,5
152,Pista (Pistachio),5
153,Pista (Pistachio),5
153,Rose (Gulab),5
153,Kesar Pista Kulfi,5
153,Coffee,5
153,Litchi,4
153,Mint Chocolate Chip,5
153,Kesar (Saffron),5
153,Black Currant,4
153,Mango Sorbet,3
153,Cookies and Cream,5
153,Watermelon Sorbet,3
153,Matcha Green Tea,5
153,Biscoff,5
153,Birthday Cake,5
153,Gajar Halwa,5
154,Biscoff,4
154,Cookies and Cream,4
154,S'mores,3
154,Strawberry Cheesecake,5
154,Chocolate Almond,2
154,Sitaphal (Custard Apple),5
154,Red Velvet,3
154,Rose (Gulab),5
154,Elaichi (Cardamom),4
154,Chikoo (Sapodilla),5
154,Peanut Butter Cup,2
154,Ferrero Rocher,2
154,Custard,4
154,Tender Coconut,5
154,Rooh Afza,5
154,Mango Kulfi,5
154,Tutti Frutti,5
154,Caramel Swirl,5
154,Rabri,4
154,Pineapple,5
154,Guava,5
155,Pineapple,5
155,Lemon Sorbet,5
155,Cookies and Cream,3
155,Litchi,5
155,Black Currant,5
155,Matcha Green Tea,5
155,Jamun,5
155,Sitaphal (Custard Apple),5
155,Cookie Dough,4
155,Dry Fruit,3
155,Mango Alphonso,5
155,Chocolate,3
155,Vanilla,4
155,Watermelon Sorbet,5
155,Salted Caramel,4
155,Mango Kulfi,5
155,Tiramisu,4
156,Strawberry,4
156,Red Velvet,5
156,Tiramisu,5
156,Rooh Afza,4
156,Peanut Butter Cup,5
156,Litchi,3
156,Anjeer (Fig),4
156,Coconut,3
156,Ferrero Rocher,5
156,Neapolitan,5
156,Chocolate,5
156,Jackfruit,4
156,Butterscotch,5
156,Birthday Cake,5
156,Dark Chocolate,5
156,Caramel Swirl,5
156,Pista (Pistachio),5
156,Watermelon Sorbet,3
156,Coffee,5
156,Strawberry Cheesecake,4
156,Vanilla,5
157,Matcha Green Tea,5
157,Butterscotch,5
157,Gulkand,5
157,Chikoo (Sapodilla),5
157,Mango Sorbet,4
157,Orange Cream,4
157,Pan (Betel Leaf),5
157,Sitaphal (Custard Apple),4
157,Rose (Gulab),5
157,Litchi,4
157,Lemon Sorbet,4
157,Malai Kulfi,5
157,Neapolitan,5
157,Kesar Pista Kulfi,5
157,Tiramisu,5
157,Kaju Draksh,5
157,Hazelnut,5
157,Caramel Swirl,5
157,Anjeer (Fig),4
157,Cookies and Cream,5
157,Rajbhog,5
157,Mango Kulfi,5
158,Hazelnut,5
158,Dry Fruit,5
158,Mango Kulfi,5
158,Kesar (Saffron),5
158,Strawberry,4
158,S'mores,5
158,Cookie Dough,5
158,Tiramisu,5
158,Tender Coconut,5
158,Salted Caramel,5
158,Tutti Frutti,5
158,Lemon Sorbet,3
158,Rooh Afza,5
158,Gulkand,5
158,Caramel Swirl,5
158,Chikoo (Sapodilla),5
159,Coffee,5
159,Aamras,5
159,Peanut Butter Cup,5
159,Gajar Halwa,5
159,Vanilla,5
159,Chikoo (Sapodilla),5
159,Kesar Pista Kulfi,5
159,Custard,5
159,Mint Chocolate Chip,5
159,Cookies and Cream,4
159,Strawberry Cheesecake,5
159,Blueberry Cheesecake,4
159,Watermelon Sorbet,3
159,Jackfruit,5
159,Tiramisu,5
159,Pineapple,4
159,Dry Fruit,5
159,Mango Kulfi,5
159,Strawberry,4
159,Rajbhog,5
160,Pista (Pistachio),3
160,Pineapple,5
160,Cookies and Cream,4
160,S'mores,3
160,Kesar (Saffron),3
160,Chocolate Fudge,3
160,Custard,4
160,Strawberry Cheesecake,5
160,Guava,5
160,Tender Coconut,5
160,Tiramisu,4
160,Chocolate,3
160,Pan (Betel Leaf),5
160,Malai Kulfi,4
160,Mango Alphonso,5
160,Butterscotch,3
160,Matcha Green Tea,5
161,Hazelnut,3
161,Rose (Gulab),4
161,Custard,4
161,Butterscotch,4
161,Dark Chocolate,4
161,Mango Kulfi,5
161,Gajar Halwa,4
161,Lemon Sorbet,4
161,Chocolate Almond,3
161,Cookie Dough,5
161,Peanut Butter Cup,3
161,Chikoo (Sapodilla),5
161,Pineapple,5
161,Orange Cream,4
161,Cookies and Cream,5
161,Malai Kulfi,4
161,Coffee,4
161,Elaichi (Cardamom),4
162,Litchi,4
162,Butterscotch,5
162,Strawberry,4
162,Custard,5
162,Peanut Butter Cup,5
162,Salted Caramel,5
162,Lemon Sorbet,3
162,Chocolate Fudge,5
162,Badam (Almond),5
162,Rooh Afza,5
162,Caramel Swirl,5
162,Ferrero Rocher,5
162,Chocolate,5
162,Malai Kulfi,5
162,Rabri,5
162,Kesar Pista Kulfi,5
163,Cookies and Cream,4
163,Aamras,5
163,Litchi,5
163,Lavender Honey,4
163,Rose (Gulab),5
163,Dry Fruit,4
163,Jamun,5
163,Tiramisu,5
163,Chikoo (Sapodilla),5
163,Chocolate,4
163,Pista (Pistachio),4
163,Tender Coconut,4
163,Malai Kulfi,5
163,Gajar Halwa,5
163,Tutti Frutti,5
163,Chocolate Fudge,5
163,Kesar (Saffron),4
163,Rabri,5
163,Salted Caramel,5
163,Sweet Corn,4
164,S'mores,5
164,Biscoff,5
164,Peanut Butter Cup,5
164,Chocolate Fudge,5
164,Rabri,5
164,Orange Cream,4
164,Sitaphal (Custard Apple),4
164,Tiramisu,5
164,Coffee,5
164,Kaju Draksh,5
164,Blueberry Cheesecake,4
164,Tutti Frutti,4
164,Chocolate,5
164,Chikoo (Sapodilla),4
164,Aamras,4
164,Jackfruit,5
164,Mango Sorbet,4
165,Litchi,5
165,Strawberry Cheesecake,5
165,Malai Kulfi,4
165,Birthday Cake,4
165,Mango Alphonso,5
165,Pineapple,5
165,Badam (Almond),3
165,Kesar (Saffron),4
165,Coconut,5
165,Strawberry,5
165,Vanilla,4
165,Mango Kulfi,5
165,Chocolate Almond,2
165,Kaju Draksh,4
165,Caramel Swirl,5
165,Rose (Gulab),5
165,Tiramisu,4
166,Sitaphal (Custard Apple),5
166,Orange Cream,5
166,Chocolate Almond,1
166,Jackfruit,5
166,Black Currant,5
166,Strawberry Cheesecake,5
166,Chocolate,2
166,Anjeer (Fig),5
166,Rocky Road,1
166,Rose (Gulab),4
166,Vanilla,4
166,Rabri,4
166,Neapolitan,5
166,Thandai,3
166,Kesar Pista Kulfi,3
166,Dry Fruit,3
166,Biscoff,3
166,Tutti Frutti,5
166,Kesar (Saffron),3
166,Rooh Afza,5
167,Kesar (Saffron),5
167,Tutti Frutti,4
167,Rooh Afza,5
167,Chikoo (Sapodilla),5
167,Jackfruit,4
167,Black Currant,4
167,Hazelnut,5
167,Vanilla,5
167,Dark Chocolate,5
167,Mango Kulfi,5
167,Tender Coconut,5
167,Watermelon Sorbet,3
167,Salted Caramel,5
167,Lavender Honey,5
167,Pista (Pistachio),5
168,Kesar (Saffron),5
168,Birthday Cake,5
168,Sitaphal (Custard Apple),5
168,Custard,5
168,Chocolate Almond,5
168,Ferrero Rocher,5
168,Lemon Sorbet,3
168,Jackfruit,5
168,Guava,4
168,Strawberry,4
168,Gulkand,5
168,Red Velvet,5
168,Coffee,5
168,Lavender Honey,5
168,Orange Cream,4
168,Mango Alphonso,5
168,Coconut,5
168,Blueberry Cheesecake,5
168,Vanilla,5
168,Watermelon Sorbet,3
168,Dark Chocolate,5
169,Tender Coconut,5
169,Rocky Road,5
169,Malai Kulfi,5
169,Tutti Frutti,5
169,Coffee,5
169,Badam (Almond),5
169,Kesar Pista Kulfi,5
169,Coconut,5
169,Rabri,5
169,Chocolate Fudge,4
169,Kaju Draksh,5
169,Dry Fruit,5
169,Pineapple,4
169,Mint Chocolate Chip,5
169,Cookie Dough,5
169,Sitaphal (Custard Apple),5
169,Aamras,5
169,Kesar (Saffron),5
169,Guava,4
169,Caramel Swirl,5
169,Mango Sorbet,4
170,Caramel Swirl,5
170,Dry Fruit,3
170,Neapolitan,5
170,Chocolate Fudge,3
170,Black Currant,5
170,Strawberry Cheesecake,5
170,Tutti Frutti,5
170,Lemon Sorbet,5
170,Vanilla,4
170,Custard,5
170,Butterscotch,4
170,Rajbhog,3
170,Sitaphal (Custard Apple),5
170,Peanut Butter Cup,2
170,Coffee,4
170,Birthday Cake,4
170,S'mores,3
170,Kesar (Saffron),4
170,Malai Kulfi,4
171,Gulkand,4
171,Chocolate,5
171,Mint Chocolate Chip,5
171,Peach,3
171,Tutti Frutti,3
171,Kesar (Saffron),4
171,Salted Caramel,5
171,Peanut Butter Cup,5
171,Caramel Swirl,5
171,Coconut,4
171,Dark Chocolate,5
171,Tender Coconut,3
171,Butterscotch,5
171,Guava,3
171,Lemon Sorbet,2
172,Mango Sorbet,3
172,Dry Fruit,5
172,Mango Alphonso,4
172,Tutti Frutti,4
172,Anjeer (Fig),4
172,Lemon Sorbet,3
172,Blueberry Cheesecake,4
172,Black Currant,3
172,Pineapple,3
172,Tender Coconut,4
172,Birthday Cake,5
172,Strawberry,4
172,Guava,3
172,Kaju Draksh,5
172,Butterscotch,5
172,Dark Chocolate,5
172,Sweet Corn,5
173,Coconut,4
173,Watermelon Sorbet,5
173,Dry Fruit,4
173,Jamun,4
173,Birthday Cake,4
173,Tutti Frutti,5
173,Hazelnut,3
173,Chocolate Fudge,4
173,Pineapple,4
173,Mango Sorbet,5
173,Pista (Pistachio),4
173,Tiramisu,4
173,Lemon Sorbet,4
173,Matcha Green Tea,4
173,Kesar (Saffron),4
173,Cookies and Cream,4
173,Rocky Road,4
173,Gajar Halwa,5
174,Mango Sorbet,5
174,Lavender Honey,4
174,Thandai,5
174,Guava,5
174,Chikoo (Sapodilla),5
174,Litchi,5
174,Mango Alphonso,5
174,Matcha Green Tea,4
174,Vanilla,4
174,Gajar Halwa,5
174,Chocolate Fudge,4
174,Caramel Swirl,5
174,Mango Kulfi,5
174,Peach,5
174,Malai Kulfi,5
174,Watermelon Sorbet,5
174,Jamun,4
174,Butterscotch,5
174,Rose (Gulab),4
175,Rose (Gulab),4
175,Strawberry,5
175,Pista (Pistachio),4
175,Malai Kulfi,4
175,Tutti Frutti,5
175,Elaichi (Cardamom),5
175,Rocky Road,4
175,Peanut Butter Cup,4
175,Strawberry Cheesecake,5
175,Sweet Corn,4
175,Tender Coconut,4
175,Kesar Pista Kulfi,4
175,Black Currant,4
175,Mango Kulfi,5
175,Jamun,4
175,Watermelon Sorbet,5
175,Mango Sorbet,5
175,Hazelnut,4
175,Gajar Halwa,5
176,Matcha Green Tea,5
176,Orange Cream,5
176,Chocolate Fudge,5
176,Pineapple,5
176,Mango Kulfi,5
176,Chikoo (Sapodilla),5
176,Rajbhog,4
176,Neapolitan,5
176,Tiramisu,5
176,Black Currant,5
176,Pista (Pistachio),4
176,Sweet Corn,5
176,Butterscotch,5
176,Dark Chocolate,5
176,S'mores,4
176,Elaichi (Cardamom),5
176,Sitaphal (Custard Apple),5
176,Chocolate Almond,4
177,Kesar (Saffron),5
177,Butterscotch,5
177,Rajbhog,4
177,Badam (Almond),4
177,Mint Chocolate Chip,4
177,Anjeer (Fig),5
177,Gulkand,5
177,Jackfruit,5
177,Hazelnut,3
177,Ferrero Rocher,3
177,Orange Cream,5
177,Guava,5
177,Dry Fruit,4
177,Salted Caramel,4
177,Lemon Sorbet,5
177,Rabri,5
177,Pan (Betel Leaf),4
178,Strawberry Cheesecake,5
178,Peanut Butter Cup,5
178,Rajbhog,5
178,Guava,4
178,Vanilla,4
178,Sitaphal (Custard Apple),4
178,Lavender Honey,5
178,Tutti Frutti,4
178,Coconut,5
178,Peach,4
178,Biscoff,5
178,Hazelnut,5
178,Chikoo (Sapodilla),5
178,Strawberry,4
178,Elaichi (Cardamom),5
178,Mango Alphonso,4
178,Pan (Betel Leaf),5
178,Aamras,5
178,Anjeer (Fig),5
178,Coffee,5
178,Tender Coconut,5
179,Chocolate Almond,5
179,Pineapple,3
179,Cookie Dough,5
179,Peach,3
179,Blueberry Cheesecake,4
179,Biscoff,5
179,Vanilla,5
179,Watermelon Sorbet,3
179,Rose (Gulab),4
179,Rabri,5
179,Badam (Almond),5
179,Mango Sorbet,3
179,Hazelnut,5
179,Dry Fruit,5
179,Red Velvet,5
179,Mint Chocolate Chip,5
180,Chocolate Almond,5
180,Chocolate,5
180,Red Velvet,5
180,Tutti Frutti,4
180,Kaju Draksh,5
180,Guava,3
180,Rooh Afza,5
180,Salted Caramel,5
180,Chocolate Fudge,5
180,Birthday Cake,5
180,Litchi,4
180,Pineapple,4
180,Elaichi (Cardamom),5
180,Jamun,4
180,Rabri,5
180,Cookies and Cream,5
180,Coffee,5
180,Rocky Road,5
180,Lemon Sorbet,3
180,Ferrero Rocher,5
180,Caramel Swirl,5
181,Matcha Green Tea,5
181,Biscoff,4
181,Tutti Frutti,5
181,Butterscotch,5
181,Kesar (Saffron),5
181,Pan (Betel Leaf),5
181,Malai Kulfi,5
181,Hazelnut,3
181,Birthday Cake,5
181,S'mores,4
181,Cookies and Cream,5
181,Pineapple,5
181,Gulkand,5
181,Chocolate Almond,2
181,Chocolate Fudge,4
181,Tiramisu,5
181,Mango Kulfi,5
181,Dark Chocolate,4
182,Peanut Butter Cup,5
182,Rajbhog,5
182,Rocky Road,5
182,Chikoo (Sapodilla),4
182,Neapolitan,5
182,Dark Chocolate,5
182,Dry Fruit,5
182,Elaichi (Cardamom),5
182,Vanilla,5
182,Aamras,3
182,S'mores,5
182,Gulkand,5
182,Pan (Betel Leaf),4
182,Lemon Sorbet,2
182,Ferrero Rocher,5
182,Watermelon Sorbet,2
182,Orange Cream,3
182,Gajar Halwa,5
182,Kesar Pista Kulfi,5
182,Mango Sorbet,3
182,Malai Kulfi,5
182,Chocolate Fudge,5
183,Malai Kulfi,5
183,Tiramisu,5
183,Custard,5
183,Badam (Almond),5
183,Dark Chocolate,5
183,Aamras,3
183,Pineapple,3
183,Tutti Frutti,3
183,Pan (Betel Leaf),4
183,Jackfruit,4
183,Matcha Green Tea,4
183,Anjeer (Fig),4
183,Chocolate Fudge,5
183,S'mores,5
183,Mango Alphonso,3
183,Rajbhog,5
183,Mango Sorbet,3
183,Butterscotch,5
183,Mango Kulfi,4
183,Orange Cream,3
183,Cookies and Cream,5
184,Strawberry Cheesecake,5
184,Tiramisu,5
184,Caramel Swirl,5
184,Cookies and Cream,5
184,Mango Sorbet,4
184,Salted Caramel,5
184,Lavender Honey,5
184,Mint Chocolate Chip,5
184,Dry Fruit,5
184,Chocolate,5
184,Butterscotch,5
184,Birthday Cake,5
184,Neapolitan,5
184,Ferrero Rocher,5
184,Sitaphal (Custard Apple),5
184,Guava,5
185,Lavender Honey,5
185,Coffee,5
185,Black Currant,4
185,Salted Caramel,5
185,Jamun,3
185,Custard,5
185,Dry Fruit,5
185,Anjeer (Fig),4
185,Guava,3
185,Mango Kulfi,4
185,Birthday Cake,4
185,Lemon Sorbet,2
185,Coconut,5
185,Kaju Draksh,5
185,Sitaphal (Custard Apple),5
185,Rajbhog,5
185,Neapolitan,4
185,S'mores,4
185,Orange Cream,4
185,Gajar Halwa,5
185,Dark Chocolate,3
186,Jackfruit,5
186,Neapolitan,5
186,Birthday Cake,4
186,Hazelnut,3
186,Tiramisu,4
186,Guava,5
186,Rajbhog,3
186,Anjeer (Fig),5
186,Cookies and Cream,4
186,Cookie Dough,4
186,Pineapple,5
186,Chikoo (Sapodilla),5
186,Chocolate,2
186,Rabri,4
186,Blueberry Cheesecake,5
186,Mango Sorbet,5
187,Red Velvet,5
187,Litchi,4
187,Rocky Road,5
187,Thandai,5
187,Blueberry Cheesecake,4
187,Mango Sorbet,3
187,Pista (Pistachio),5
187,Tutti Frutti,4
187,Vanilla,4
187,Chocolate Fudge,5
187,Coffee,5
187,Butterscotch,5
187,Mango Alphonso,4
187,Dark Chocolate,5
187,Elaichi (Cardamom),5
187,Pineapple,3
187,Rabri,5
187,Lemon Sorbet,4
188,Chocolate Fudge,5
188,Orange Cream,3
188,Thandai,4
188,Gulkand,3
188,Elaichi (Cardamom),4
188,Kesar Pista Kulfi,5
188,Red Velvet,5
188,Anjeer (Fig),3
188,Litchi,2
188,Coffee,5
188,Gajar Halwa,4
188,Biscoff,5
188,Ferrero Rocher,5
188,Jackfruit,3
188,Watermelon Sorbet,2
188,Dry Fruit,5
188,Rajbhog,4
188,Tiramisu,5
188,Chocolate,5
188,Kesar (Saffron),4
189,Strawberry Cheesecake,5
189,Salted Caramel,5
189,Cookie Dough,5
189,Peach,4
189,Neapolitan,5
189,Biscoff,5
189,Coffee,5
189,Tutti Frutti,5
189,S'mores,5
189,Rose (Gulab),5
189,Dry Fruit,5
189,Butterscotch,5
189,Pineapple,4
189,Peanut Butter Cup,5
189,Tender Coconut,5
189,Gulkand,5
189,Watermelon Sorbet,4
189,Birthday Cake,5
189,Strawberry,4
189,Rooh Afza,5
189,Litchi,4
190,Kesar Pista Kulfi,4
190,Strawberry,5
190,Watermelon Sorbet,5
190,Kesar (Saffron),4
190,Mango Kulfi,5
190,Mango Alphonso,5
190,Malai Kulfi,5
190,Dry Fruit,4
190,Custard,4
190,Ferrero Rocher,4
190,Mint Chocolate Chip,4
190,Aamras,5
190,Butterscotch,5
190,Elaichi (Cardamom),4
190,Chikoo (Sapodilla),5
190,Rose (Gulab),4
190,Salted Caramel,5
191,Orange Cream,5
191,Dark Chocolate,5
191,Rajbhog,5
191,Mango Kulfi,5
191,Strawberry,5
191,Birthday Cake,5
191,Rabri,5
191,Tutti Frutti,5
191,Peanut Butter Cup,4
191,Chocolate Fudge,5
191,Thandai,4
191,Pan (Betel Leaf),4
191,Hazelnut,3
191,Rocky Road,4
191,Black Currant,5
191,Kesar (Saffron),5
191,Jackfruit,5
191,Butterscotch,5
191,Peach,5
191,Lavender Honey,4
192,Gulkand,5
192,Rajbhog,5
192,Gajar Halwa,5
192,Lavender Honey,4
192,Peanut Butter Cup,4
192,Jamun,5
192,Kesar Pista Kulfi,4
192,Red Velvet,5
192,Jackfruit,5
192,Vanilla,4
192,Cookie Dough,5
192,Mango Sorbet,5
192,Rooh Afza,4
192,Pan (Betel Leaf),4
192,Thandai,4
192,Salted Caramel,5
193,Ferrero Rocher,5
193,Pan (Betel Leaf),5
193,Chikoo (Sapodilla),5
193,Chocolate Almond,4
193,Biscoff,5
193,Coconut,5
193,Peach,5
193,Kesar Pista Kulfi,5
193,Jackfruit,5
193,S'mores,5
193,Caramel Swirl,5
193,Lavender Honey,4
193,Pineapple,5
193,Custard,5
193,Sweet Corn,5
193,Red Velvet,4
193,Chocolate Fudge,4
193,Tender Coconut,4
193,Cookies and Cream,5
193,Guava,5
194,Rooh Afza,3
194,Strawberry Cheesecake,4
194,Sitaphal (Custard Apple),4
194,Elaichi (Cardamom),4
194,Aamras,4
194,Guava,4
194,Custard,5
194,Dry Fruit,5
194,Red Velvet,5
194,Biscoff,5
194,Mint Chocolate Chip,5
194,Lemon Sorbet,3
194,Rocky Road,5
194,S'mores,5
194,Peach,4
195,Chikoo (Sapodilla),5
195,Hazelnut,4
195,Vanilla,4
195,Peach,5
195,Aamras,5
195,Gulkand,5
195,Biscoff,4
195,Watermelon Sorbet,5
195,Jackfruit,5
195,Sweet Corn,5
195,Cookie Dough,5
195,Pineapple,5
195,Ferrero Rocher,4
195,Dark Chocolate,4
195,Cookies and Cream,4
195,Custard,4
195,S'mores,4
195,Peanut Butter Cup,4
195,Orange Cream,5
196,Rose (Gulab),4
196,Kesar Pista Kulfi,5
196,S'mores,5
196,Gulkand,4
196,Elaichi (Cardamom),5
196,Litchi,3
196,Pan (Betel Leaf),5
196,Mango Kulfi,4
196,Mango Sorbet,3
196,Rocky Road,5
196,Salted Caramel,5
196,Cookie Dough,5
196,Malai Kulfi,5
196,Chocolate,5
196,Jamun,4
196,Peanut Butter Cup,5
196,Peach,4
197,Birthday Cake,5
197,Matcha Green Tea,5
197,Watermelon Sorbet,3
197,Strawberry,5
197,Lavender Honey,5
197,Dark Chocolate,4
197,Peanut Butter Cup,5
197,Pineapple,4
197,Chocolate,4
197,Kaju Draksh,5
197,Elaichi (Cardamom),5
197,Cookies and Cream,4
197,Coffee,5
197,Mango Sorbet,4
197,Orange Cream,5
197,Custard,5
197,Chocolate Fudge,4
197,Anjeer (Fig),5
198,Neapolitan,5
198,Kesar (Saffron),4
198,Hazelnut,4
198,Butterscotch,5
198,Mango Sorbet,5
198,Cookies and Cream,4
198,Aamras,5
198,Cookie Dough,5
198,Rocky Road,4
198,Tender Coconut,4
198,Litchi,5
198,Black Currant,5
198,Salted Caramel,5
198,Strawberry,5
198,Jackfruit,5
198,Rose (Gulab),4
198,Dark Chocolate,5
198,Guava,5
198,Chikoo (Sapodilla),5
198,Coconut,4
199,Tutti Frutti,4
199,Peanut Butter Cup,5
199,Tiramisu,5
199,Coconut,4
199,Guava,3
199,S'mores,5
199,Mango Sorbet,4
199,Kesar (Saffron),5
199,Gajar Halwa,5
199,Badam (Almond),5
199,Watermelon Sorbet,3
199,Black Currant,4
199,Lavender Honey,4
199,Hazelnut,5
199,Biscoff,5
199,Vanilla,5
199,Sweet Corn,5
199,Pista (Pistachio),5
199,Kesar Pista Kulfi,5
199,Butterscotch,5
199,Anjeer (Fig),4
200,Chikoo (Sapodilla),4
200,Coconut,4
200,Gulkand,4
200,Jackfruit,3
200,Lavender Honey,4
200,Biscoff,5
200,Matcha Green Tea,4
200,Chocolate,5
200,Mango Alphonso,3
200,Rajbhog,5
200,Gajar Halwa,5
200,Thandai,5
200,Butterscotch,5
200,Cookie Dough,5
200,Sweet Corn,4
201,Malai Kulfi,5
201,Mango Sorbet,4
201,Mint Chocolate Chip,5
201,Peanut Butter Cup,5
201,Sweet Corn,5
201,Pineapple,4
201,Birthday Cake,5
201,Chocolate Almond,5
201,Rose (Gulab),5
201,Watermelon Sorbet,4
201,Cookie Dough,5
201,Gulkand,5
201,Custard,5
201,Rocky Road,5
201,Pan (Betel Leaf),5
201,Guava,5
201,Vanilla,5
202,Hazelnut,3
202,Pan (Betel Leaf),5
202,Peanut Butter Cup,2
202,Vanilla,5
202,Badam (Almond),4
202,Red Velvet,4
202,Chocolate,4
202,Elaichi (Cardamom),4
202,Pineapple,5
202,Mango Sorbet,5
202,Sweet Corn,5
202,Peach,5
202,Rose (Gulab),5
202,Caramel Swirl,5
202,Rooh Afza,5
202,Sitaphal (Custard Apple),5
202,Jamun,5
202,Gajar Halwa,4
202,Chikoo (Sapodilla),5
203,Tender Coconut,5
203,Caramel Swirl,5
203,Mango Sorbet,4
203,Coconut,5
203,Gulkand,5
203,Malai Kulfi,5
203,Elaichi (Cardamom),5
203,Neapolitan,4
203,Mango Kulfi,5
203,Mint Chocolate Chip,5
203,Salted Caramel,5
203,Pista (Pistachio),5
203,Pineapple,4
203,Rabri,5
203,Lavender Honey,5
203,Peanut Butter Cup,5
203,Cookies and Cream,4
204,Salted Caramel,5
204,Anjeer (Fig),3
204,Lemon Sorbet,2
204,Thandai,5
204,Jackfruit,4
204,Jamun,3
204,Gajar Halwa,4
204,Mango Kulfi,4
204,Rocky Road,5
204,Caramel Swirl,4
204,Chocolate Almond,5
204,Peanut Butter Cup,5
204,Kesar (Saffron),4
204,Orange Cream,3
204,Birthday Cake,5
204,Hazelnut,5
205,Pista (Pistachio),5
205,Red Velvet,5
205,Peanut Butter Cup,5
205,Coffee,5
205,Aamras,4
205,Rose (Gulab),4
205,Strawberry,3
205,Black Currant,3
205,Guava,3
205,Biscoff,5
205,S'mores,5
205,Tiramisu,5
205,Vanilla,5
205,Watermelon Sorbet,3
205,Pineapple,3
206,Thandai,4
206,Mango Sorbet,5
206,Lavender Honey,4
206,Cookie Dough,5
206,Jackfruit,5
206,Mint Chocolate Chip,4
206,Lemon Sorbet,5
206,Black Currant,5
206,Gajar Halwa,5
206,Dry Fruit,4
206,Strawberry Cheesecake,5
206,Chocolate,4
206,Birthday Cake,5
206,Caramel Swirl,5
206,Tiramisu,5
206,Mango Alphonso,5
206,Rabri,5
206,Elaichi (Cardamom),4
206,Hazelnut,3
206,Rooh Afza,5
207,Blueberry Cheesecake,4
207,Chocolate Fudge,4
207,Sitaphal (Custard Apple),5
207,Chocolate Almond,5
207,Cookies and Cream,4
207,Aamras,5
207,Tender Coconut,5
207,Rabri,5
207,Chikoo (Sapodilla),5
207,Red Velvet,5
207,Hazelnut,5
207,Kesar Pista Kulfi,5
207,Sweet Corn,5
207,Rose (Gulab),5
207,Peanut Butter Cup,5
207,Gajar Halwa,5
207,Elaichi (Cardamom),5
207,Tiramisu,5
207,S'mores,4
208,Peach,5
208,Badam (Almond),3
208,Matcha Green Tea,5
208,Neapolitan,5
208,Sweet Corn,5
208,Guava,5
208,Aamras,5
208,Coconut,5
208,Rose (Gulab),4
208,Rocky Road,2
208,Salted Caramel,4
208,Pista (Pistachio),3
208,Ferrero Rocher,2
208,Strawberry,5
208,Lemon Sorbet,5
208,Caramel Swirl,4
209,Hazelnut,3
209,Tiramisu,3
209,Biscoff,4
209,Gulkand,5
209,Cookie Dough,4
209,Badam (Almond),3
209,Watermelon Sorbet,5
209,Gajar Halwa,5
209,Pineapple,5
209,Dark Chocolate,3
209,Elaichi (Cardamom),4
209,Strawberry Cheesecake,5
209,Mint Chocolate Chip,3
209,Blueberry Cheesecake,5
209,Pan (Betel Leaf),5
209,Black Currant,5
209,Ferrero Rocher,2
209,Dry Fruit,3
209,Anjeer (Fig),5
209,Neapolitan,5
209,Salted Caramel,5
209,Lavender Honey,4
210,Blueberry Cheesecake,5
210,Jamun,5
210,Peach,4
210,Badam (Almond),5
210,Anjeer (Fig),4
210,Pista (Pistachio),5
210,Mango Sorbet,4
210,Mango Kulfi,4
210,Vanilla,5
210,Kesar (Saffron),5
210,Malai Kulfi,5
210,Black Currant,5
210,Dark Chocolate,5
210,Mint Chocolate Chip,5
210,Gulkand,5
210,Rajbhog,5
210,Butterscotch,5
210,Kaju Draksh,5
210,Peanut Butter Cup,5
210,Dry Fruit,5
210,Gajar Halwa,5
210,Chikoo (Sapodilla),4
211,Chikoo (Sapodilla),5
211,Dry Fruit,3
211,Pan (Betel Leaf),4
211,Mango Alphonso,5
211,Pineapple,5
211,Custard,4
211,Guava,5
211,Strawberry Cheesecake,5
211,Salted Caramel,4
211,Biscoff,4
211,Chocolate Almond,2
211,Rabri,4
211,Lemon Sorbet,5
211,Jamun,5
211,Kesar (Saffron),4
211,Black Currant,5
211,Tiramisu,3
211,Jackfruit,5
211,Sweet Corn,5
211,Mango Sorbet,5
211,Caramel Swirl,4
212,Vanilla,5
212,Litchi,5
212,Malai Kulfi,5
212,Red Velvet,5
212,S'mores,5
212,Caramel Swirl,5
212,Lavender Honey,5
212,Aamras,5
212,Rajbhog,5
212,Matcha Green Tea,5
212,Chocolate Fudge,5
212,Pan (Betel Leaf),5
212,Sweet Corn,5
212,Orange Cream,4
212,Sitaphal (Custard Apple),5
212,Birthday Cake,5
212,Dry Fruit,5
212,Kesar Pista Kulfi,5
212,Strawberry,5
212,Guava,5
212,Chocolate,4
213,Chocolate Fudge,5
213,Coffee,5
213,Kaju Draksh,5
213,Chikoo (Sapodilla),5
213,Mango Alphonso,5
213,Badam (Almond),5
213,Cookies and Cream,5
213,Pista (Pistachio),5
213,Mango Sorbet,4
213,Chocolate,5
213,Litchi,3
213,Gulkand,5
213,Rocky Road,5
213,Chocolate Almond,5
213,Tender Coconut,4
214,Mango Kulfi,5
214,Peanut Butter Cup,4
214,Ferrero Rocher,4
214,Jackfruit,5
214,Tender Coconut,5
214,Mint Chocolate Chip,5
214,Hazelnut,5
214,Sitaphal (Custard Apple),5
214,Orange Cream,5
214,Mango Sorbet,5
214,Blueberry Cheesecake,5
214,Rabri,5
214,Coconut,5
214,Kesar Pista Kulfi,4
214,Tiramisu,5
215,Anjeer (Fig),4
215,Butterscotch,5
215,Chocolate Almond,5
215,Litchi,3
215,Kesar Pista Kulfi,5
215,Ferrero Rocher,5
215,Pineapple,4
215,S'mores,5
215,Watermelon Sorbet,3
215,Dark Chocolate,5
215,Matcha Green Tea,4
215,Biscoff,5
215,Jamun,4
215,Sitaphal (Custard Apple),4
215,Chikoo (Sapodilla),5
215,Lavender Honey,4
216,Lemon Sorbet,3
216,Chikoo (Sapodilla),5
216,Birthday Cake,5
216,Mint Chocolate Chip,5
216,Hazelnut,5
216,Rajbhog,5
216,Dry Fruit,5
216,Badam (Almond),5
216,Peanut Butter Cup,5
216,Gajar Halwa,5
216,Blueberry Cheesecake,4
216,Salted Caramel,5
216,Vanilla,5
216,Thandai,5
216,Anjeer (Fig),4
216,Mango Kulfi,5
216,Tutti Frutti,4
216,Strawberry Cheesecake,4
216,Rabri,5
216,Chocolate Almond,5
216,Pista (Pistachio),5
217,Mint Chocolate Chip,5
217,Cookies and Cream,4
217,Strawberry Cheesecake,5
217,Rose (Gulab),5
217,Chocolate,4
217,Dry Fruit,5
217,Neapolitan,5
217,Cookie Dough,4
217,Pan (Betel Leaf),5
217,Kesar Pista Kulfi,5
217,Orange Cream,5
217,Gulkand,5
217,Chocolate Fudge,5
217,Lavender Honey,5
217,Blueberry Cheesecake,5
217,Guava,4
217,Peach,4
217,Watermelon Sorbet,4
217,Tutti Frutti,5
217,Kesar (Saffron),5
217,Malai Kulfi,5
218,Badam (Almond),5
218,Birthday Cake,5
218,Rocky Road,5
218,Blueberry Cheesecake,4
218,Jamun,4
218,Peanut Butter Cup,5
218,Guava,3
218,Butterscotch,5
218,Aamras,4
218,Thandai,5
218,Orange Cream,4
218,Tender Coconut,5
218,Coconut,4
218,Rajbhog,5
218,Salted Caramel,5
218,Custard,5
218,Gajar Halwa,5
219,Chocolate Fudge,5
219,Hazelnut,5
219,Badam (Almond),5
219,Rocky Road,5
219,Red Velvet,5
219,Sweet Corn,5
219,Lemon Sorbet,4
219,Mango Sorbet,4
219,Coconut,5
219,Jamun,5
219,Kaju Draksh,5
219,S'mores,5
219,Dark Chocolate,5
219,Gajar Halwa,5
219,Watermelon Sorbet,4
219,Mango Kulfi,5
219,Mint Chocolate Chip,5
219,Lavender Honey,5
219,Pineapple,4
219,Tiramisu,5
219,Sitaphal (Custard Apple),5
219,Dry Fruit,5
220,Mint Chocolate Chip,5
220,Mango Alphonso,4
220,Birthday Cake,5
220,Dry Fruit,5
220,Tutti Frutti,4
220,Cookie Dough,5
220,Lavender Honey,5
220,Red Velvet,5
220,Aamras,4
220,Kaju Draksh,5
220,Anjeer (Fig),4
220,Chikoo (Sapodilla),5
220,Watermelon Sorbet,3
220,Mango Kulfi,4
220,Kesar Pista Kulfi,5
221,Chikoo (Sapodilla),5
221,Rabri,5
221,Butterscotch,4
221,Vanilla,5
221,Ferrero Rocher,3
221,Jamun,5
221,Birthday Cake,5
221,Neapolitan,5
221,Salted Caramel,5
221,Strawberry,5
221,Mango Kulfi,5
221,Chocolate,3
221,Pista (Pistachio),4
221,Sitaphal (Custard Apple),5
221,Caramel Swirl,5
222,Caramel Swirl,5
222,Chikoo (Sapodilla),5
222,Ferrero Rocher,5
222,Chocolate,4
222,Birthday Cake,5
222,Pista (Pistachio),5
222,Litchi,5
222,Anjeer (Fig),5
222,Pineapple,4
222,Lemon Sorbet,2
222,Hazelnut,5
222,Badam (Almond),5
222,Cookies and Cream,5
222,Dark Chocolate,5
222,Mango Sorbet,4
222,Tender Coconut,5
222,Cookie Dough,5
222,Lavender Honey,5
223,Pista (Pistachio),5
223,Rocky Road,5
223,Kesar Pista Kulfi,5
223,Caramel Swirl,5
223,Vanilla,5
223,Chocolate Almond,5
223,Strawberry,5
223,Hazelnut,5
223,Jackfruit,5
223,Mango Kulfi,5
223,Butterscotch,5
223,Salted Caramel,5
223,Coffee,5
223,Ferrero Rocher,5
223,Chocolate Fudge,5
223,Rabri,5
223,Pineapple,4
223,Peach,4
223,Rajbhog,5
223,Gajar Halwa,5
223,Jamun,5
223,Matcha Green Tea,5
224,Lemon Sorbet,4
224,Guava,5
224,Malai Kulfi,5
224,Aamras,5
224,Pan (Betel Leaf),4
224,Pineapple,5
224,Cookie Dough,5
224,Rocky Road,4
224,Custard,4
224,Coconut,5
224,Anjeer (Fig),4
224,Blueberry Cheesecake,5
224,S'mores,5
224,Sitaphal (Custard Apple),5
224,Chikoo (Sapodilla),5
224,Peach,5
224,Chocolate Almond,4
224,Gajar Halwa,4
224,Elaichi (Cardamom),4
224,Tutti Frutti,5
224,Orange Cream,5
224,Thandai,4
225,Caramel Swirl,5
225,Tutti Frutti,5
225,Rocky Road,5
225,Red Velvet,5
225,Rooh Afza,5
225,Sitaphal (Custard Apple),5
225,Tender Coconut,5
225,Thandai,5
225,Peanut Butter Cup,5
225,Chocolate Fudge,4
225,Badam (Almond),5
225,Jamun,4
225,Gulkand,5
225,Vanilla,5
225,Ferrero Rocher,5
225,Kaju Draksh,5
225,Anjeer (Fig),5
225,Dark Chocolate,4
226,Litchi,5
226,Kesar (Saffron),4
226,Watermelon Sorbet,5
226,Mango Sorbet,5
226,Anjeer (Fig),5
226,Kesar Pista Kulfi,4
226,Cookie Dough,4
226,Chocolate Almond,4
226,Orange Cream,5
226,Mango Kulfi,5
226,Pineapple,5
226,Peanut Butter Cup,4
226,Chocolate,4
226,Caramel Swirl,5
226,Rooh Afza,4
226,Salted Caramel,4
226,Pista (Pistachio),4
226,Jackfruit,5
226,Vanilla,4
226,Butterscotch,5
226,Chocolate Fudge,4
226,Strawberry,5
227,Matcha Green Tea,5
227,Rose (Gulab),5
227,Butterscotch,4
227,Jackfruit,5
227,Sweet Corn,5
227,Peach,5
227,Rabri,4
227,Kaju Draksh,4
227,Pan (Betel Leaf),5
227,Watermelon Sorbet,5
227,Mint Chocolate Chip,4
227,Strawberry,5
227,Chocolate,3
227,Gulkand,5
227,Tiramisu,4
227,Red Velvet,4
227,Cookie Dough,4
227,Rajbhog,3
227,Guava,5
228,Biscoff,5
228,Coffee,5
228,Tender Coconut,5
228,Jackfruit,4
228,Rajbhog,5
228,Cookie Dough,5
228,Hazelnut,5
228,Strawberry,3
228,Kesar Pista Kulfi,5
228,Rocky Road,5
228,Vanilla,5
228,Lemon Sorbet,3
228,Gajar Halwa,5
228,Orange Cream,4
228,Pista (Pistachio),5
228,Mango Alphonso,4
228,Mint Chocolate Chip,5
228,Strawberry Cheesecake,4
229,Peanut Butter Cup,5
229,Neapolitan,5
229,Thandai,5
229,Custard,5
229,Elaichi (Cardamom),5
229,Kaju Draksh,5
229,S'mores,5
229,Chocolate Fudge,5
229,Watermelon Sorbet,4
229,Rabri,5
229,Coffee,5
229,Mango Alphonso,5
229,Anjeer (Fig),5
229,Salted Caramel,5
229,Butterscotch,5
229,Tutti Frutti,4
229,Matcha Green Tea,5
229,Rose (Gulab),5
229,Chocolate,4
230,Chocolate Almond,5
230,Strawberry,3
230,Elaichi (Cardamom),5
230,Coffee,5
230,Chocolate,5
230,Gajar Halwa,5
230,Malai Kulfi,5
230,Kesar Pista Kulfi,5
230,Dark Chocolate,5
230,Mango Alphonso,3
230,Black Currant,3
230,Mango Sorbet,4
230,Sitaphal (Custard Apple),4
230,Mango Kulfi,4
230,Litchi,3
230,Rabri,5
230,Kesar (Saffron),4
230,Neapolitan,4
230,Jackfruit,4
231,Peanut Butter Cup,5
231,Dry Fruit,5
231,Matcha Green Tea,4
231,Rabri,5
231,Mango Alphonso,3
231,Hazelnut,5
231,Ferrero Rocher,5
231,Chikoo (Sapodilla),4
231,Litchi,3
231,Mango Kulfi,4
231,Peach,3
231,Red Velvet,5
231,Coconut,4
231,Rooh Afza,4
231,Chocolate Fudge,5
231,Lemon Sorbet,3
232,Black Currant,5
232,Tiramisu,5
232,Coffee,4
232,Lavender Honey,4
232,Thandai,4
232,Kaju Draksh,5
232,Mango Sorbet,5
232,Ferrero Rocher,4
232,Chocolate,4
232,Jamun,5
232,Badam (Almond),3
232,Rabri,4
232,Coconut,4
232,Strawberry,5
232,Red Velvet,5
232,Hazelnut,3
232,Pan (Betel Leaf),4
232,Biscoff,5
232,Rajbhog,4
232,Pineapple,5
232,Mango Alphonso,5
233,Matcha Green Tea,5
233,Chocolate,5
233,Lavender Honey,5
233,Kesar Pista Kulfi,5
233,Sitaphal (Custard Apple),5
233,Sweet Corn,5
233,Cookies and Cream,5
233,Birthday Cake,5
233,Gajar Halwa,5
233,Mango Alphonso,4
233,Caramel Swirl,5
233,Strawberry Cheesecake,4
233,Pista (Pistachio),5
233,Watermelon Sorbet,4
233,Strawberry,4
233,Kaju Draksh,5
233,Elaichi (Cardamom),5
233,Lemon Sorbet,4
234,Chocolate Almond,5
234,Red Velvet,5
234,Rose (Gulab),5
234,Strawberry,4
234,Biscoff,5
234,Sitaphal (Custard Apple),4
234,S'mores,5
234,Jamun,4
234,Coconut,5
234,Butterscotch,5
234,Blueberry Cheesecake,5
234,Jackfruit,4
234,Kesar (Saffron),5
234,Chikoo (Sapodilla),5
234,Tutti Frutti,4
235,Cookies and Cream,5
235,Butterscotch,5
235,Elaichi (Cardamom),5
235,Peanut Butter Cup,5
235,Badam (Almond),5
235,Tutti Frutti,5
235,Chocolate,5
235,Cookie Dough,5
235,Black Currant,4
235,Hazelnut,5
235,Kesar Pista Kulfi,5
235,Blueberry Cheesecake,4
235,S'mores,5
235,Chikoo (Sapodilla),5
235,Gajar Halwa,5
235,Litchi,5
235,Mango Kulfi,5
235,Sweet Corn,5
235,Thandai,5
235,Peach,4
236,Gulkand,5
236,Tiramisu,4
236,Peach,5
236,Kesar (Saffron),4
236,S'mores,4
236,Mint Chocolate Chip,4
236,Badam (Almond),4
236,Lemon Sorbet,4
236,Rose (Gulab),5
236,Neapolitan,5
236,Black Currant,5
236,Red Velvet,5
236,Coconut,5
236,Malai Kulfi,5
236,Orange Cream,5
236,Pan (Betel Leaf),4
236,Pista (Pistachio),4
236,Rocky Road,4
236,Mango Alphonso,5
236,Birthday Cake,5
236,Kesar Pista Kulfi,4
237,Sitaphal (Custard Apple),4
237,Hazelnut,5
237,Gulkand,4
237,Strawberry,3
237,Mint Chocolate Chip,5
237,Litchi,3
237,Badam (Almond),5
237,Peach,3
237,Coconut,4
237,Orange Cream,4
237,Tender Coconut,4
237,Aamras,4
237,Elaichi (Cardamom),5
237,Pineapple,4
237,Caramel Swirl,5
237,Guava,4
237,Neapolitan,5
237,Anjeer (Fig),4
237,Rocky Road,5
237,Biscoff,5
238,Pista (Pistachio),5
238,Strawberry Cheesecake,5
238,Salted Caramel,5
238,Caramel Swirl,5
238,Lavender Honey,5
238,Ferrero Rocher,5
238,Coconut,5
238,Red Velvet,5
238,Aamras,5
238,Tiramisu,5
238,Jackfruit,5
238,Matcha Green Tea,5
238,Black Currant,5
238,Guava,4
238,Cookie Dough,5
238,Rooh Afza,5
238,Rajbhog,5
238,Rabri,5
238,Peanut Butter Cup,5
238,Malai Kulfi,5
239,Kesar (Saffron),5
239,Badam (Almond),5
239,Tender Coconut,5
239,Litchi,3
239,S'mores,5
239,Sitaphal (Custard Apple),4
239,Gajar Halwa,5
239,Mint Chocolate Chip,5
239,Chikoo (Sapodilla),5
239,Anjeer (Fig),4
239,Blueberry Cheesecake,4
239,Strawberry,4
239,Pineapple,3
239,Cookie Dough,5
239,Aamras,4
239,Custard,5
239,Thandai,5
239,Dark Chocolate,5
239,Dry Fruit,5
239,Rajbhog,5
240,Butterscotch,5
240,Sweet Corn,4
240,Ferrero Rocher,5
240,Malai Kulfi,5
240,Tender Coconut,4
240,Watermelon Sorbet,4
240,Black Currant,4
240,Peach,4
240,Mango Alphonso,4
240,Neapolitan,4
240,Caramel Swirl,5
240,Cookie Dough,5
240,Red Velvet,5
240,Salted Caramel,5
240,Guava,4
240,Jackfruit,4
240,Thandai,5
240,Orange Cream,4
241,Rooh Afza,5
241,Mango Kulfi,5
241,Red Velvet,5
241,Pista (Pistachio),5
241,Aamras,5
241,Tiramisu,5
241,Mango Alphonso,5
241,Hazelnut,5
241,Gajar Halwa,5
241,Tender Coconut,5
241,Salted Caramel,5
241,Kaju Draksh,5
241,Pan (Betel Leaf),5
241,Strawberry Cheesecake,5
241,Rocky Road,5
241,Black Currant,5
241,Badam (Almond),5
241,Chocolate,5
241,Gulkand,5
242,Guava,4
242,Kesar Pista Kulfi,5
242,Rocky Road,5
242,Mango Kulfi,4
242,Litchi,3
242,Aamras,4
242,Lavender Honey,5
242,Jamun,4
242,Cookies and Cream,5
242,Mint Chocolate Chip,5
242,Rooh Afza,4
242,S'mores,5
242,Gulkand,5
242,Chikoo (Sapodilla),5
242,Dry Fruit,5
242,Jackfruit,4
243,Hazelnut,4
243,Rooh Afza,5
243,Red Velvet,5
243,Pista (Pistachio),5
243,Chocolate,4
243,Watermelon Sorbet,5
243,Gajar Halwa,5
243,Sweet Corn,5
243,Coconut,5
243,Lemon Sorbet,5
243,Neapolitan,5
243,Jackfruit,5
243,Cookie Dough,5
243,Rose (Gulab),4
243,Chocolate Fudge,5
243,Strawberry Cheesecake,5
243,Peanut Butter Cup,4
243,Tender Coconut,5
243,Cookies and Cream,4
243,Mango Kulfi,5
244,Guava,5
244,Matcha Green Tea,4
244,Dry Fruit,3
244,Vanilla,5
244,Tiramisu,4
244,Custard,4
244,Litchi,5
244,Salted Caramel,5
244,Rabri,4
244,Dark Chocolate,2
244,Coconut,4
244,Rooh Afza,4
244,Strawberry,5
244,Pineapple,5
244,Ferrero Rocher,1
244,Aamras,5
245,Chocolate,4
245,Tender Coconut,5
245,Orange Cream,5
245,Biscoff,4
245,Peanut Butter Cup,2
245,Neapolitan,5
245,Mint Chocolate Chip,3
245,Vanilla,5
245,Chocolate Fudge,3
245,Anjeer (Fig),5
245,Dark Chocolate,3
245,Thandai,4
245,Jamun,5
245,Cookie Dough,4
245,Mango Alphonso,5
245,Chocolate Almond,2
245,Strawberry Cheesecake,5
245,Kesar Pista Kulfi,4
245,Coffee,5
245,Kaju Draksh,4
245,Gajar Halwa,4
245,Black Currant,5
246,Biscoff,5
246,Caramel Swirl,5
246,Peanut Butter Cup,4
246,Tiramisu,5
246,Neapolitan,5
246,Jamun,5
246,Vanilla,5
246,Blueberry Cheesecake,5
246,Mint Chocolate Chip,5
246,Coffee,5
246,Rocky Road,4
246,S'mores,5
246,Kesar Pista Kulfi,4
246,Coconut,5
246,Pineapple,5
246,Rajbhog,5
246,Rabri,5
246,Rooh Afza,5
247,Guava,3
247,Litchi,4
247,Biscoff,5
247,Elaichi (Cardamom),5
247,Tutti Frutti,4
247,Vanilla,5
247,Dark Chocolate,3
247,Coconut,5
247,Lemon Sorbet,2
247,Custard,5
247,Badam (Almond),5
247,Jackfruit,4
247,Butterscotch,5
247,Chocolate Fudge,4
247,Strawberry Cheesecake,4
247,Cookie Dough,4
247,Aamras,4
247,Matcha Green Tea,5
248,Tender Coconut,5
248,Dark Chocolate,5
248,Thandai,5
248,Mango Alphonso,5
248,Lavender Honey,5
248,Sweet Corn,5
248,Tutti Frutti,5
248,Rose (Gulab),5
248,Kaju Draksh,5
248,Litchi,5
248,Chocolate,5
248,Strawberry Cheesecake,5
248,Sitaphal (Custard Apple),5
248,Blueberry Cheesecake,5
248,Chikoo (Sapodilla),5
249,Biscoff,5
249,Red Velvet,5
249,Badam (Almond),5
249,Cookies and Cream,5
249,Dry Fruit,5
249,Gulkand,4
249,Jackfruit,4
249,Rabri,5
249,Blueberry Cheesecake,4
249,Butterscotch,5
249,Tender Coconut,4
249,Chocolate,5
249,Gajar Halwa,5
249,Tiramisu,5
249,Malai Kulfi,5
249,Vanilla,5
249,Hazelnut,5
249,Thandai,5
249,Lemon Sorbet,3
249,Chocolate Almond,5
249,Sweet Corn,4
249,Birthday Cake,5
250,Sitaphal (Custard Apple),4
250,Mango Alphonso,5
250,Cookies and Cream,4
250,S'mores,4
250,Gajar Halwa,4
250,Hazelnut,3
250,Matcha Green Tea,4
250,Elaichi (Cardamom),4
250,Chocolate Almond,4
250,Badam (Almond),3
250,Strawberry,5
250,Salted Caramel,4
250,Custard,4
250,Rajbhog,4
250,Tender Coconut,4
250,Biscoff,4
250,Neapolitan,4
250,Rocky Road,3
251,Dry Fruit,5
251,Hazelnut,5
251,Orange Cream,5
251,Pineapple,5
251,Gajar Halwa,5
251,Lavender Honey,5
251,Pista (Pistachio),5
251,Watermelon Sorbet,4
251,Butterscotch,5
251,Chocolate,5
251,Tiramisu,5
251,S'mores,5
251,Thandai,5
251,Chocolate Fudge,5
251,Black Currant,5
251,Anjeer (Fig),5
251,Custard,5
251,Dark Chocolate,5
252,Ferrero Rocher,5
252,Dark Chocolate,5
252,Mango Sorbet,4
252,Rocky Road,5
252,Blueberry Cheesecake,4
252,Guava,4
252,Jackfruit,4
252,Watermelon Sorbet,4
252,Gajar Halwa,5
252,Rabri,5
252,Caramel Swirl,5
252,Mango Kulfi,4
252,Sitaphal (Custard Apple),4
252,Gulkand,5
252,Pineapple,4
252,Black Currant,4
252,Rooh Afza,5
252,Mango Alphonso,5
252,Mint Chocolate Chip,5
252,Peach,4
252,Dry Fruit,5
252,Rajbhog,5
253,Tender Coconut,4
253,Matcha Green Tea,4
253,Pista (Pistachio),5
253,S'mores,5
253,Mango Sorbet,3
253,Sitaphal (Custard Apple),4
253,Chocolate Almond,5
253,Vanilla,5
253,Ferrero Rocher,5
253,Rose (Gulab),4
253,Rajbhog,5
253,Watermelon Sorbet,2
253,Pineapple,3
253,Gajar Halwa,5
253,Coffee,5
253,Chocolate Fudge,5
253,Mango Kulfi,4
254,Sitaphal (Custard Apple),5
254,Butterscotch,5
254,Gajar Halwa,5
254,Mango Kulfi,5
254,Chocolate,5
254,Mango Alphonso,5
254,Lavender Honey,5
254,Biscoff,4
254,Caramel Swirl,5
254,Peach,5
254,Orange Cream,5
254,Rabri,4
254,Coconut,5
254,Blueberry Cheesecake,5
254,Chocolate Fudge,4
254,Tender Coconut,5
254,Strawberry,5
254,Black Currant,5
254,Salted Caramel,5
254,Jamun,5
254,Guava,5
255,Red Velvet,5
255,Mango Sorbet,3
255,Pista (Pistachio),5
255,Matcha Green Tea,4
255,Chocolate Fudge,5
255,Kaju Draksh,5
255,S'mores,5
255,Mango Alphonso,4
255,Thandai,5
255,Malai Kulfi,5
255,Birthday Cake,5
255,Anjeer (Fig),4
255,Kesar Pista Kulfi,5
255,Coffee,5
255,Lemon Sorbet,3
255,Sweet Corn,4
255,Neapolitan,5
255,Hazelnut,5
255,Pineapple,4
255,Lavender Honey,4
255,Pan (Betel Leaf),5
256,Gajar Halwa,4
256,S'mores,4
256,Watermelon Sorbet,5
256,Strawberry,5
256,Rajbhog,4
256,Thandai,4
256,Pista (Pistachio),3
256,Cookies and Cream,4
256,Tender Coconut,4
256,Ferrero Rocher,3
256,Kesar (Saffron),4
256,Peach,5
256,Rooh Afza,4
256,Hazelnut,3
256,Litchi,4
256,Custard,4
256,Lemon Sorbet,5
257,Pan (Betel Leaf),5
257,Kesar (Saffron),5
257,Blueberry Cheesecake,5
257,Gajar Halwa,5
257,Lemon Sorbet,4
257,Tender Coconut,5
257,Cookie Dough,5
257,Rajbhog,5
257,Aamras,5
257,Sitaphal (Custard Apple),5
257,Elaichi (Cardamom),5
257,Guava,4
257,Thandai,5
257,Sweet Corn,5
257,S'mores,5
257,Mango Alphonso,5
257,Jackfruit,4
257,Watermelon Sorbet,4
258,Strawberry,3
258,Gajar Halwa,5
258,Kesar (Saffron),4
258,S'mores,5
258,Jamun,2
258,Dark Chocolate,5
258,Thandai,5
258,Tiramisu,5
258,Chocolate Almond,5
258,Lemon Sorbet,2
258,Gulkand,4
258,Birthday Cake,5
258,Biscoff,5
258,Neapolitan,5
258,Chikoo (Sapodilla),3
258,Elaichi (Cardamom),5
258,Blueberry Cheesecake,3
258,Rocky Road,5
258,Caramel Swirl,5
258,Mint Chocolate Chip,5
259,Malai Kulfi,5
259,Cookies and Cream,5
259,Lemon Sorbet,3
259,Watermelon Sorbet,3
259,Chikoo (Sapodilla),5
259,Elaichi (Cardamom),5
259,S'mores,5
259,Tender Coconut,5
259,Rose (Gulab),5
259,Coconut,4
259,Pineapple,4
259,Dry Fruit,5
259,Salted Caramel,5
259,Cookie Dough,5
259,Peanut Butter Cup,5
259,Matcha Green Tea,5
259,Guava,4
259,Butterscotch,5
259,Mango Kulfi,4
260,Caramel Swirl,5
260,Butterscotch,4
260,Thandai,4
260,Mango Sorbet,5
260,Matcha Green Tea,5
260,Tender Coconut,5
260,Red Velvet,3
260,Chocolate,3
260,Sweet Corn,5
260,Hazelnut,3
260,Tutti Frutti,5
260,Chocolate Fudge,3
260,Peanut Butter Cup,2
260,Aamras,5
260,Vanilla,5
260,Rabri,4
260,Lemon Sorbet,5
261,Chocolate Almond,5
261,Watermelon Sorbet,4
261,Lemon Sorbet,4
261,Rajbhog,5
261,Strawberry,4
261,Tutti Frutti,4
261,Tender Coconut,5
261,Cookie Dough,5
261,Strawberry Cheesecake,5
261,S'mores,5
261,Mint Chocolate Chip,5
261,Lavender Honey,5
261,Kesar (Saffron),5
261,Mango Alphonso,5
261,Litchi,4
262,Watermelon Sorbet,5
262,Jackfruit,5
262,Salted Caramel,5
262,Coconut,5
262,Cookies and Cream,4
262,Neapolitan,5
262,Dark Chocolate,3
262,Cookie Dough,4
262,Mango Alphonso,5
262,Butterscotch,4
262,Hazelnut,3
262,Black Currant,5
262,Ferrero Rocher,2
262,Chocolate Fudge,3
262,Pista (Pistachio),3
262,Vanilla,4
263,Blueberry Cheesecake,5
263,Peach,5
263,Mint Chocolate Chip,5
263,Guava,5
263,Pineapple,5
263,Sitaphal (Custard Apple),5
263,Chocolate Fudge,4
263,Cookie Dough,5
263,Jamun,5
263,Coconut,5
263,Strawberry Cheesecake,5
263,Tender Coconut,5
263,Elaichi (Cardamom),5
263,Mango Alphonso,5
263,Biscoff,5
263,Dark Chocolate,5
263,Rooh Afza,5
263,Red Velvet,5
263,Hazelnut,5
263,Badam (Almond),5
263,S'mores,5
263,Chikoo (Sapodilla),5
264,Badam (Almond),5
264,Kesar (Saffron),5
264,Chocolate,4
264,Mango Kulfi,5
264,Chikoo (Sapodilla),5
264,Dark Chocolate,3
264,Hazelnut,5
264,Rajbhog,5
264,Rabri,5
264,Matcha Green Tea,5
264,Caramel Swirl,5
264,Pan (Betel Leaf),5
264,Lemon Sorbet,2
264,Sweet Corn,5
264,Blueberry Cheesecake,4
264,Pineapple,4
264,Mango Sorbet,4
265,Chocolate Fudge,5
265,Dry Fruit,5
265,Butterscotch,5
265,Tutti Frutti,4
265,Pista (Pistachio),5
265,Dark Chocolate,5
265,Kesar (Saffron),5
265,Cookies and Cream,5
265,Coconut,5
265,Birthday Cake,5
265,Blueberry Cheesecake,4
265,Rabri,5
265,Mango Alphonso,4
265,Guava,4
265,Rajbhog,5
265,Matcha Green Tea,5
265,Badam (Almond),5
265,Custard,5
265,Caramel Swirl,5
265,Anjeer (Fig),5
265,Chocolate,5
266,Peanut Butter Cup,5
266,Biscoff,5
266,Sweet Corn,5
266,Kesar (Saffron),5
266,Gajar Halwa,5
266,Salted Caramel,5
266,Mango Alphonso,4
266,Tiramisu,5
266,Kesar Pista Kulfi,5
266,S'mores,5
266,Thandai,5
266,Cookies and Cream,5
266,Pista (Pistachio),5
266,Chocolate Almond,5
266,Kaju Draksh,5
266,Rose (Gulab),5
267,Chikoo (Sapodilla),4
267,Chocolate Fudge,5
267,Dark Chocolate,5
267,Gajar Halwa,5
267,Peanut Butter Cup,5
267,Hazelnut,5
267,Tutti Frutti,4
267,Biscoff,5
267,Cookie Dough,5
267,Chocolate,5
267,Mango Alphonso,4
267,Black Currant,4
267,Strawberry,4
267,Jackfruit,3
267,Rocky Road,5
267,Thandai,4
267,Peach,3
267,Mint Chocolate Chip,5
268,Chikoo (Sapodilla),5
268,Tender Coconut,5
268,Orange Cream,4
268,Dark Chocolate,5
268,Hazelnut,5
268,Cookies and Cream,5
268,Kesar Pista Kulfi,5
268,S'mores,5
268,Lemon Sorbet,4
268,Neapolitan,5
268,Matcha Green Tea,5
268,Rooh Afza,5
268,Salted Caramel,5
268,Chocolate Almond,5
268,Chocolate,5
268,Vanilla,5
268,Mango Sorbet,4
268,Sweet Corn,5
268,Watermelon Sorbet,4
268,Cookie Dough,5
268,Peach,5
268,Aamras,5
269,Blueberry Cheesecake,5
269,Coffee,5
269,Ferrero Rocher,3
269,Hazelnut,3
269,Chocolate Fudge,3
269,Watermelon Sorbet,5
269,Tender Coconut,5
269,Lemon Sorbet,5
269,Pan (Betel Leaf),5
269,Matcha Green Tea,5
269,Kaju Draksh,4
269,Dry Fruit,3
269,Chocolate,4
269,Malai Kulfi,4
269,Mango Kulfi,5
269,Strawberry Cheesecake,5
270,Jackfruit,4
270,Tutti Frutti,4
270,Litchi,3
270,Pan (Betel Leaf),5
270,Thandai,5
270,Pista (Pistachio),5
270,Dark Chocolate,5
270,Rocky Road,5
270,Red Velvet,5
270,S'mores,5
270,Rooh Afza,5
270,Kesar Pista Kulfi,5
270,Peanut Butter Cup,5
270,Aamras,4
270,Rajbhog,5
270,Cookies and Cream,5
271,Malai Kulfi,5
271,Rose (Gulab),5
271,Vanilla,5
271,Pista (Pistachio),5
271,Neapolitan,4
271,Rabri,5
271,Thandai,5
271,Peach,5
271,Dark Chocolate,4
271,Tender Coconut,5
271,Mango Kulfi,5
271,Jackfruit,5
271,Watermelon Sorbet,4
271,Coconut,5
271,Hazelnut,5
271,Chocolate Almond,5
271,Kaju Draksh,5
272,Dry Fruit,5
272,Lemon Sorbet,3
272,Watermelon Sorbet,4
272,Mango Kulfi,5
272,Rabri,5
272,Aamras,5
272,S'mores,5
272,Dark Chocolate,5
272,Peanut Butter Cup,5
272,Pan (Betel Leaf),5
272,Sitaphal (Custard Apple),5
272,Red Velvet,5
272,Gajar Halwa,5
272,Chocolate,5
272,Rooh Afza,5
272,Gulkand,5
273,Vanilla,5
273,Peanut Butter Cup,1
273,Matcha Green Tea,5
273,Chikoo (Sapodilla),5
273,Kesar (Saffron),4
273,Rajbhog,3
273,Chocolate Fudge,3
273,Hazelnut,3
273,Gulkand,5
273,Kaju Draksh,4
273,Black Currant,5
273,Mint Chocolate Chip,3
273,Coffee,4
273,Guava,5
273,Orange Cream,5
273,Rocky Road,1
273,Tutti Frutti,5
273,Neapolitan,5
273,Tiramisu,4
274,Mango Alphonso,4
274,Cookies and Cream,5
274,Mango Sorbet,3
274,Pan (Betel Leaf),4
274,Rooh Afza,4
274,Matcha Green Tea,4
274,Salted Caramel,5
274,Tender Coconut,4
274,Chocolate Almond,5
274,Pineapple,3
274,Butterscotch,5
274,Tiramisu,5
274,Chikoo (Sapodilla),4
274,Anjeer (Fig),4
274,Malai Kulfi,5
274,Ferrero Rocher,5
274,Guava,3
274,Caramel Swirl,5
274,Red Velvet,5
274,Custard,5
275,Cookies and Cream,5
275,Hazelnut,5
275,Butterscotch,5
275,Pan (Betel Leaf),4
275,Malai Kulfi,5
275,Rose (Gulab),3
275,Cookie Dough,5
275,Pista (Pistachio),5
275,Badam (Almond),4
275,Salted Caramel,5
275,Guava,3
275,Birthday Cake,5
275,Lemon Sorbet,3
275,Sweet Corn,5
275,Sitaphal (Custard Apple),4
275,Chikoo (Sapodilla),4
275,Black Currant,4
275,Orange Cream,4
275,Watermelon Sorbet,2
275,Gajar Halwa,5
275,Strawberry,3
276,Anjeer (Fig),4
276,Peach,3
276,Thandai,5
276,Ferrero Rocher,5
276,Sweet Corn,4
276,Cookies and Cream,4
276,Strawberry Cheesecake,4
276,Tutti Frutti,4
276,Kaju Draksh,5
276,Mango Alphonso,4
276,Litchi,4
276,Kesar Pista Kulfi,5
276,Red Velvet,4
276,Blueberry Cheesecake,4
276,Chocolate Fudge,4
276,Cookie Dough,4
276,Gulkand,5
276,Elaichi (Cardamom),5
276,Tender Coconut,5
276,Watermelon Sorbet,3
276,Pan (Betel Leaf),5
277,Rose (Gulab),4
277,Coconut,5
277,Tutti Frutti,5
277,Mango Kulfi,5
277,Strawberry,5
277,Birthday Cake,5
277,Kesar (Saffron),5
277,Peanut Butter Cup,5
277,Rajbhog,4
277,Lavender Honey,4
277,Chocolate,5
277,Ferrero Rocher,5
277,Red Velvet,5
277,Anjeer (Fig),5
277,Jackfruit,5
277,Elaichi (Cardamom),5
278,Matcha Green Tea,5
278,Dark Chocolate,5
278,Sweet Corn,4
278,Badam (Almond),5
278,Malai Kulfi,5
278,S'mores,5
278,Chikoo (Sapodilla),5
278,Neapolitan,5
278,Mango Alphonso,5
278,Blueberry Cheesecake,5
278,Cookie Dough,5
278,Kesar Pista Kulfi,5
278,Mango Kulfi,5
278,Black Currant,4
278,Red Velvet,5
278,Gulkand,5
278,Peach,4
278,Jackfruit,5
279,Rajbhog,5
279,Chocolate Almond,5
279,Pista (Pistachio),5
279,Kesar Pista Kulfi,5
279,Aamras,4
279,S'mores,4
279,Orange Cream,4
279,Peanut Butter Cup,5
279,Gajar Halwa,5
279,Mango Alphonso,4
279,Sitaphal (Custard Apple),4
279,Butterscotch,5
279,Blueberry Cheesecake,4
279,Vanilla,5
279,Kaju Draksh,5
279,Coffee,5
279,Chikoo (Sapodilla),5
279,Peach,3
279,Pan (Betel Leaf),5
280,Tiramisu,5
280,Sitaphal (Custard Apple),5
280,Coconut,5
280,Guava,4
280,Cookie Dough,5
280,Custard,5
280,Matcha Green Tea,5
280,Chocolate,5
280,Aamras,4
280,Black Currant,4
280,Coffee,5
280,Kesar (Saffron),5
280,Thandai,5
280,Tutti Frutti,4
280,Lemon Sorbet,4
280,Rabri,5
280,Dry Fruit,5
280,Vanilla,5
280,Elaichi (Cardamom),5
280,Litchi,4
281,Dark Chocolate,3
281,Tutti Frutti,5
281,Dry Fruit,3
281,Black Currant,5
281,Peanut Butter Cup,2
281,Kaju Draksh,4
281,Badam (Almond),3
281,Strawberry Cheesecake,5
281,Chocolate Almond,2
281,Rajbhog,4
281,Kesar (Saffron),5
281,Pan (Betel Leaf),5
281,Mango Sorbet,5
281,Malai Kulfi,4
281,Coconut,5
281,Salted Caramel,5
281,Jamun,5
282,Coffee,4
282,Sweet Corn,5
282,Cookie Dough,4
282,Blueberry Cheesecake,5
282,Kesar (Saffron),4
282,Neapolitan,5
282,Kaju Draksh,4
282,Mango Sorbet,5
282,Chocolate Fudge,4
282,Ferrero Rocher,3
282,Malai Kulfi,4
282,Gajar Halwa,4
282,Caramel Swirl,5
282,Pan (Betel Leaf),4
282,Sitaphal (Custard Apple),5
282,Anjeer (Fig),4
282,Dry Fruit,3
282,Custard,4
282,Strawberry,5
282,Dark Chocolate,4
282,Cookies and Cream,4
282,Aamras,5
283,Peach,5
283,Gajar Halwa,4
283,Mango Kulfi,5
283,Red Velvet,4
283,Lemon Sorbet,5
283,Badam (Almond),3
283,Pan (Betel Leaf),5
283,Watermelon Sorbet,5
283,Strawberry,5
283,Peanut Butter Cup,2
283,Jamun,5
283,Black Currant,5
283,Birthday Cake,4
283,Kaju Draksh,4
283,Rajbhog,4
283,Matcha Green Tea,5
283,Pineapple,5
283,Sitaphal (Custard Apple),5
283,Pista (Pistachio),3
283,Chikoo (Sapodilla),5
284,Hazelnut,5
284,Birthday Cake,5
284,Watermelon Sorbet,3
284,Mango Kulfi,4
284,Aamras,5
284,Rabri,5
284,Dark Chocolate,5
284,Cookies and Cream,5
284,Kesar (Saffron),5
284,Thandai,5
284,Ferrero Rocher,5
284,Badam (Almond),5
284,Rocky Road,5
284,Custard,5
284,Strawberry,4
284,Neapolitan,5
284,Gajar Halwa,5
284,Cookie Dough,5
284,Salted Caramel,5
285,Coffee,5
285,Aamras,5
285,Mint Chocolate Chip,5
285,Pan (Betel Leaf),5
285,Birthday Cake,5
285,Black Currant,4
285,Custard,5
285,Caramel Swirl,5
285,Kesar (Saffron),5
285,Tiramisu,5
285,Peanut Butter Cup,5
285,Tutti Frutti,5
285,Blueberry Cheesecake,5
285,Dry Fruit,5
285,Salted Caramel,5
285,Sitaphal (Custard Apple),5
285,Sweet Corn,5
285,Orange Cream,4
285,Badam (Almond),5
285,Mango Alphonso,5
285,Chocolate,4
285,Kaju Draksh,5
286,S'mores,2
286,Blueberry Cheesecake,5
286,Lemon Sorbet,5
286,Litchi,5
286,Chocolate,2
286,Pineapple,5
286,Kesar Pista Kulfi,3
286,Chocolate Fudge,3
286,Peanut Butter Cup,2
286,Strawberry,5
286,Chocolate Almond,2
286,Orange Cream,5
286,Chikoo (Sapodilla),5
286,Mango Alphonso,5
286,Red Velvet,3
286,Watermelon Sorbet,5
286,Rocky Road,2
286,Tender Coconut,5
286,Peach,5
286,Hazelnut,2
286,Gajar Halwa,4
287,Lemon Sorbet,5
287,Aamras,5
287,Chocolate,2
287,Anjeer (Fig),5
287,Hazelnut,1
287,Mango Sorbet,5
287,Pista (Pistachio),3
287,Rajbhog,3
287,Biscoff,3
287,Lavender Honey,4
287,Litchi,5
287,Sitaphal (Custard Apple),5
287,Badam (Almond),3
287,Gajar Halwa,4
287,Peanut Butter Cup,1
287,Rose (Gulab),5
287,Watermelon Sorbet,5
287,Mango Kulfi,5
287,Dark Chocolate,3
287,Malai Kulfi,3
287,Orange Cream,5
288,Pan (Betel Leaf),5
288,Birthday Cake,4
288,Mango Alphonso,5
288,Badam (Almond),3
288,Kaju Draksh,4
288,Orange Cream,5
288,Tiramisu,4
288,Kesar (Saffron),5
288,Rooh Afza,5
288,Tender Coconut,5
288,Neapolitan,5
288,Anjeer (Fig),5
288,Lavender Honey,5
288,Dry Fruit,3
288,Tutti Frutti,5
288,Salted Caramel,5
288,Rajbhog,4
289,Chikoo (Sapodilla),5
289,Tutti Frutti,4
289,Chocolate,5
289,Kaju Draksh,5
289,Rooh Afza,5
289,Butterscotch,5
289,Orange Cream,5
289,Tiramisu,5
289,Lemon Sorbet,4
289,Thandai,5
289,Matcha Green Tea,5
289,Dark Chocolate,5
289,S'mores,5
289,Lavender Honey,5
289,Custard,5
289,Sweet Corn,5
290,Matcha Green Tea,3
290,Anjeer (Fig),5
290,Gulkand,4
290,Dry Fruit,4
290,Kesar (Saffron),4
290,Dark Chocolate,5
290,Ferrero Rocher,5
290,Caramel Swirl,5
290,Lavender Honey,4
290,Cookies and Cream,5
290,Coconut,5
290,Rajbhog,4
290,Jamun,4
290,Kesar Pista Kulfi,4
290,Pan (Betel Leaf),4
290,Blueberry Cheesecake,5
290,S'mores,4
290,Salted Caramel,4
290,Chocolate,5
290,Rocky Road,4
291,Rabri,5
291,Watermelon Sorbet,3
291,Chikoo (Sapodilla),5
291,Ferrero Rocher,5
291,Black Currant,4
291,Sweet Corn,5
291,Biscoff,5
291,Neapolitan,5
291,Caramel Swirl,5
291,Gulkand,4
291,Sitaphal (Custard Apple),4
291,Butterscotch,5
291,Coffee,5
291,Coconut,4
291,Badam (Almond),5
291,S'mores,5
291,Vanilla,5
291,Cookies and Cream,5
292,Rooh Afza,5
292,Chocolate,4
292,Sweet Corn,5
292,Litchi,4
292,Sitaphal (Custard Apple),5
292,Cookies and Cream,4
292,Blueberry Cheesecake,4
292,Butterscotch,5
292,Gajar Halwa,5
292,Lemon Sorbet,3
292,Anjeer (Fig),4
292,Rabri,5
292,Black Currant,4
292,Pan (Betel Leaf),5
292,Mint Chocolate Chip,5
292,Pista (Pistachio),5
293,Jamun,4
293,Peach,4
293,Peanut Butter Cup,5
293,Butterscotch,5
293,Rabri,5
293,Biscoff,5
293,Hazelnut,5
293,Cookie Dough,5
293,Chocolate,5
293,Watermelon Sorbet,3
293,Neapolitan,5
293,Sweet Corn,5
293,Lavender Honey,5
293,Strawberry Cheesecake,5
293,Dark Chocolate,5
294,Birthday Cake,5
294,Matcha Green Tea,4
294,Custard,5
294,Caramel Swirl,5
294,Strawberry Cheesecake,4
294,Gulkand,4
294,Lemon Sorbet,3
294,Kesar Pista Kulfi,5
294,Anjeer (Fig),4
294,Jamun,4
294,Rocky Road,5
294,Badam (Almond),5
294,Pista (Pistachio),5
294,Neapolitan,5
294,Mint Chocolate Chip,5
294,Chocolate,5
294,Coconut,5
294,Pan (Betel Leaf),4
294,Orange Cream,4
294,Dry Fruit,5
294,Hazelnut,5
295,Caramel Swirl,5
295,Gulkand,5
295,Thandai,5
295,Gajar Halwa,5
295,Coffee,5
295,Neapolitan,4
295,Birthday Cake,4
295,Red Velvet,4
295,Tender Coconut,4
295,Vanilla,5
295,Blueberry Cheesecake,4
295,Peach,4
295,Mango Kulfi,4
295,Kaju Draksh,5
295,Elaichi (Cardamom),5
295,Kesar (Saffron),5
295,Peanut Butter Cup,5
295,Lavender Honey,5
295,Sweet Corn,4
296,Kesar (Saffron),4
296,Badam (Almond),3
296,Lavender Honey,4
296,Dark Chocolate,3
296,Chikoo (Sapodilla),5
296,Black Currant,5
296,Chocolate Almond,2
296,Caramel Swirl,4
296,Tiramisu,4
296,Butterscotch,5
296,Rocky Road,2
296,Blueberry Cheesecake,5
296,Chocolate,3
296,Salted Caramel,5
296,Coffee,4
296,Pan (Betel Leaf),5
297,Salted Caramel,5
297,Pan (Betel Leaf),5
297,Rose (Gulab),4
297,Malai Kulfi,4
297,Watermelon Sorbet,5
297,Anjeer (Fig),5
297,Peanut Butter Cup,2
297,Kesar (Saffron),4
297,Mango Kulfi,5
297,Cookies and Cream,4
297,Aamras,5
297,Hazelnut,3
297,Coconut,5
297,Tiramisu,4
297,Dry Fruit,3
297,Guava,5
297,Matcha Green Tea,5
297,Red Velvet,3
297,Birthday Cake,4
297,Coffee,4
297,Sweet Corn,5
298,Gajar Halwa,4
298,Blueberry Cheesecake,5
298,Pan (Betel Leaf),5
298,Dark Chocolate,3
298,Guava,5
298,Black Currant,5
298,Matcha Green Tea,5
298,Strawberry Cheesecake,5
298,Jackfruit,5
298,Tutti Frutti,5
298,Badam (Almond),3
298,Watermelon Sorbet,5
298,Salted Caramel,5
298,Rose (Gulab),5
298,Caramel Swirl,5
298,Coconut,5
298,Chocolate,3
298,Dry Fruit,3
298,Elaichi (Cardamom),4
298,Kesar Pista Kulfi,3
299,Pista (Pistachio),3
299,Ferrero Rocher,2
299,Mint Chocolate Chip,4
299,Kaju Draksh,4
299,Cookie Dough,4
299,Aamras,5
299,Vanilla,5
299,Thandai,4
299,Chocolate,3
299,Jackfruit,5
299,Coffee,4
299,Badam (Almond),3
299,Lavender Honey,5
299,Pan (Betel Leaf),5
299,Chocolate Fudge,2
299,Coconut,5
299,Mango Sorbet,5
299,Gulkand,4
299,Dry Fruit,3
299,Tiramisu,4
299,Rabri,3
299,Rooh Afza,5
300,Mint Chocolate Chip,5
300,Tutti Frutti,4
300,Pineapple,4
300,Pan (Betel Leaf),4
300,Chocolate Almond,5
300,Orange Cream,4
300,Biscoff,5
300,Vanilla,5
300,Pista (Pistachio),5
300,Strawberry,4
300,Rajbhog,5
300,Dry Fruit,5
300,Gajar Halwa,5
300,Lavender Honey,4
300,Chikoo (Sapodilla),5
301,Anjeer (Fig),4
301,Mango Kulfi,5
301,Biscoff,5
301,Butterscotch,5
301,Watermelon Sorbet,3
301,Lemon Sorbet,3
301,Chocolate Almond,5
301,Peach,4
301,Gajar Halwa,5
301,Caramel Swirl,5
301,Peanut Butter Cup,5
301,Tutti Frutti,4
301,Sitaphal (Custard Apple),4
301,Guava,4
301,Ferrero Rocher,5
301,Pan (Betel Leaf),5
301,Mango Alphonso,4
301,Orange Cream,4
301,Elaichi (Cardamom),5
301,Pineapple,4
302,Sweet Corn,5
302,Red Velvet,5
302,Blueberry Cheesecake,5
302,Gulkand,5
302,Pan (Betel Leaf),5
302,Kesar Pista Kulfi,5
302,Lemon Sorbet,5
302,Kesar (Saffron),5
302,Watermelon Sorbet,4
302,Custard,5
302,Rajbhog,5
302,Mango Kulfi,5
302,Aamras,5
302,Tutti Frutti,5
302,Pista (Pistachio),5
302,Peach,5
302,Litchi,5
302,Orange Cream,5
302,Anjeer (Fig),5
302,Cookie Dough,5
303,Black Currant,4
303,Thandai,5
303,Kaju Draksh,5
303,Butterscotch,5
303,Badam (Almond),5
303,Neapolitan,5
303,Tender Coconut,5
303,Sweet Corn,5
303,Jackfruit,5
303,Strawberry,5
303,Sitaphal (Custard Apple),5
303,Ferrero Rocher,5
303,Jamun,3
303,Pan (Betel Leaf),5
303,Blueberry Cheesecake,4
303,Peach,5
303,Chocolate,5
303,Matcha Green Tea,5
304,Dry Fruit,5
304,Aamras,4
304,Mint Chocolate Chip,5
304,S'mores,5
304,Biscoff,5
304,Chocolate Almond,5
304,Lavender Honey,4
304,Anjeer (Fig),4
304,Pista (Pistachio),5
304,Mango Sorbet,3
304,Kesar Pista Kulfi,5
304,Mango Alphonso,3
304,Rose (Gulab),4
304,Gulkand,4
304,Coffee,5
305,Aamras,5
305,Tutti Frutti,5
305,Lemon Sorbet,5
305,Malai Kulfi,4
305,Anjeer (Fig),5
305,Pineapple,5
305,Chocolate,3
305,Chikoo (Sapodilla),5
305,Custard,5
305,Rabri,4
305,Sweet Corn,5
305,Tender Coconut,5
305,Mango Alphonso,5
305,Cookie Dough,4
305,Orange Cream,5
306,Lavender Honey,5
306,Malai Kulfi,4
306,Vanilla,5
306,Lemon Sorbet,5
306,Coffee,4
306,S'mores,5
306,Tutti Frutti,5
306,Sweet Corn,5
306,Salted Caramel,4
306,Custard,5
306,Rajbhog,4
306,Dry Fruit,4
306,Butterscotch,4
306,Jamun,5
306,Rooh Afza,5
306,Chocolate Fudge,5
306,Rocky Road,4
306,Blueberry Cheesecake,5
306,Birthday Cake,5
307,Matcha Green Tea,5
307,Jackfruit,5
307,Kaju Draksh,5
307,Rabri,5
307,Malai Kulfi,5
307,S'mores,5
307,Aamras,5
307,Orange Cream,5
307,Rose (Gulab),5
307,Jamun,3
307,Guava,4
307,Tender Coconut,5
307,Tiramisu,5
307,Birthday Cake,5
307,Black Currant,4
307,Custard,5
307,Caramel Swirl,5
307,Ferrero Rocher,5
308,S'mores,4
308,Mango Alphonso,5
308,Elaichi (Cardamom),5
308,Lavender Honey,4
308,Jamun,4
308,Caramel Swirl,4
308,Black Currant,4
308,Dry Fruit,4
308,Red Velvet,4
308,Blueberry Cheesecake,5
308,Rabri,4
308,Birthday Cake,5
308,Pista (Pistachio),3
308,Dark Chocolate,3
308,Peach,4
308,Chocolate Fudge,4
309,Mango Alphonso,4
309,Badam (Almond),5
309,Dry Fruit,5
309,Strawberry Cheesecake,4
309,Peanut Butter Cup,5
309,Matcha Green Tea,5
309,Black Currant,4
309,Mint Chocolate Chip,5
309,Elaichi (Cardamom),5
309,Salted Caramel,5
309,Mango Sorbet,4
309,Mango Kulfi,4
309,Kesar (Saffron),5
309,Watermelon Sorbet,3
309,Vanilla,4
309,Rooh Afza,5
309,Dark Chocolate,5
309,Aamras,4
309,Ferrero Rocher,5
309,Chocolate Almond,5
309,Pan (Betel Leaf),5
309,Butterscotch,5
310,Chocolate Fudge,5
310,Strawberry,3
310,Kesar (Saffron),4
310,Butterscotch,5
310,Blueberry Cheesecake,4
310,Guava,3
310,Red Velvet,5
310,Tiramisu,5
310,Kesar Pista Kulfi,5
310,Mango Kulfi,4
310,Mango Sorbet,3
310,Hazelnut,5
310,Mango Alphonso,3
310,Kaju Draksh,5
310,Chocolate,5
310,Rooh Afza,4
310,Cookies and Cream,5
310,Pista (Pistachio),5
311,Rose (Gulab),4
311,Strawberry,3
311,Ferrero Rocher,5
311,S'mores,5
311,Kaju Draksh,5
311,Mango Sorbet,3
311,Pan (Betel Leaf),4
311,Coconut,4
311,Black Currant,3
311,Hazelnut,5
311,Lemon Sorbet,2
311,Peanut Butter Cup,5
311,Chikoo (Sapodilla),5
311,Mint Chocolate Chip,5
311,Aamras,4
311,Anjeer (Fig),4
311,Sitaphal (Custard Apple),4
311,Elaichi (Cardamom),4
311,Tiramisu,5
311,Watermelon Sorbet,3
312,Gulkand,4
312,Cookie Dough,5
312,Guava,3
312,Red Velvet,5
312,Cookies and Cream,5
312,Chikoo (Sapodilla),4
312,Badam (Almond),5
312,Tiramisu,5
312,Rabri,5
312,Kaju Draksh,5
312,Anjeer (Fig),4
312,Kesar (Saffron),5
312,Coffee,5
312,Matcha Green Tea,5
312,Aamras,4
312,Custard,5
312,Kesar Pista Kulfi,5
312,Coconut,5
312,Peanut Butter Cup,5
312,Caramel Swirl,5
312,Dry Fruit,5
313,Mango Alphonso,4
313,Strawberry,3
313,S'mores,5
313,Sweet Corn,4
313,Rooh Afza,4
313,Coffee,5
313,Watermelon Sorbet,3
313,Rocky Road,5
313,Tiramisu,5
313,Elaichi (Cardamom),5
313,Neapolitan,5
313,Peanut Butter Cup,5
313,Rabri,5
313,Birthday Cake,5
313,Black Currant,3
313,Lemon Sorbet,3
313,Pista (Pistachio),5
314,Black Currant,5
314,Red Velvet,4
314,Dry Fruit,3
314,Rooh Afza,4
314,Orange Cream,4
314,Mango Sorbet,5
314,Elaichi (Cardamom),4
314,Chocolate Fudge,4
314,Lemon Sorbet,5
314,Chocolate,3
314,Blueberry Cheesecake,5
314,Ferrero Rocher,3
314,Dark Chocolate,4
314,Guava,5
314,Jamun,4
314,Hazelnut,3
314,Pineapple,5
314,Tender Coconut,5
314,Peanut Butter Cup,3
314,Coconut,4
315,Mango Sorbet,3
315,Kaju Draksh,5
315,Elaichi (Cardamom),5
315,S'mores,5
315,Tiramisu,5
315,Vanilla,5
315,Cookie Dough,5
315,Peanut Butter Cup,5
315,Litchi,3
315,Chikoo (Sapodilla),5
315,Kesar (Saffron),5
315,Lavender Honey,4
315,Coffee,5
315,Chocolate,5
315,Jackfruit,4
315,Hazelnut,5
315,Tender Coconut,4
315,Custard,5
315,Lemon Sorbet,3
315,Kesar Pista Kulfi,5
316,Pan (Betel Leaf),5
316,Chocolate Fudge,5
316,Pineapple,4
316,Kesar (Saffron),5
316,Pista (Pistachio),5
316,Matcha Green Tea,5
316,Badam (Almond),5
316,Hazelnut,5
316,Vanilla,5
316,Mint Chocolate Chip,5
316,Tiramisu,5
316,Strawberry,5
316,Elaichi (Cardamom),5
316,Gulkand,5
316,Neapolitan,5
316,Jamun,5
316,Red Velvet,5
316,Chocolate Almond,5
317,S'mores,4
317,Hazelnut,3
317,Mango Kulfi,5
317,Peanut Butter Cup,3
317,Kesar (Saffron),4
317,Red Velvet,4
317,Thandai,4
317,Malai Kulfi,4
317,Elaichi (Cardamom),4
317,Birthday Cake,5
317,Chocolate Almond,3
317,Jackfruit,5
317,Cookie Dough,4
317,Anjeer (Fig),4
317,Mango Alphonso,5
317,Dry Fruit,4
317,Lemon Sorbet,4
317,Orange Cream,5
317,Watermelon Sorbet,5
318,Chocolate,5
318,Chocolate Fudge,5
318,Mango Alphonso,5
318,Pineapple,4
318,Ferrero Rocher,5
318,Rooh Afza,5
318,Cookies and Cream,5
318,Malai Kulfi,5
318,Kesar Pista Kulfi,5
318,Anjeer (Fig),5
318,Rose (Gulab),5
318,Peanut Butter Cup,5
318,Coffee,5
318,Vanilla,5
318,Neapolitan,5
318,Biscoff,5
319,Tutti Frutti,5
319,Coconut,5
319,Anjeer (Fig),5
319,Caramel Swirl,5
319,Strawberry,5
319,Watermelon Sorbet,5
319,Thandai,5
319,Strawberry Cheesecake,5
319,Rajbhog,4
319,Tiramisu,4
319,Sweet Corn,5
319,Neapolitan,5
319,Kesar Pista Kulfi,4
319,Dry Fruit,4
319,Peach,5
319,S'mores,4
320,Rabri,4
320,Mint Chocolate Chip,3
320,Lemon Sorbet,5
320,Tiramisu,3
320,Watermelon Sorbet,5
320,Dark Chocolate,2
320,Peach,5
320,Tutti Frutti,5
320,Coffee,4
320,Strawberry,5
320,Pan (Betel Leaf),5
320,Kesar Pista Kulfi,2
320,Matcha Green Tea,4
320,Mango Sorbet,5
320,Biscoff,3
320,Ferrero Rocher,2
320,Chocolate Almond,1
320,Rajbhog,3
321,Hazelnut,5
321,Jackfruit,3
321,Gajar Halwa,5
321,Mango Kulfi,4
321,S'mores,5
321,Dark Chocolate,5
321,Dry Fruit,5
321,Peanut Butter Cup,5
321,Strawberry Cheesecake,3
321,Sitaphal (Custard Apple),4
321,Rajbhog,5
321,Litchi,3
321,Pan (Betel Leaf),4
321,Rabri,5
321,Lavender Honey,4
322,S'mores,5
322,Malai Kulfi,5
322,Matcha Green Tea,4
322,Vanilla,4
322,Custard,5
322,Red Velvet,5
322,Strawberry,3
322,Elaichi (Cardamom),4
322,Mango Kulfi,4
322,Coconut,4
322,Birthday Cake,5
322,Watermelon Sorbet,3
322,Jackfruit,4
322,Pineapple,3
322,Coffee,5
322,Mint Chocolate Chip,5
322,Lavender Honey,4
322,Mango Alphonso,4
323,Pan (Betel Leaf),5
323,Blueberry Cheesecake,5
323,Rooh Afza,5
323,Pineapple,5
323,Hazelnut,5
323,Gulkand,5
323,Tiramisu,5
323,Lemon Sorbet,4
323,Cookie Dough,5
323,Guava,4
323,Caramel Swirl,5
323,Chocolate Fudge,5
323,Mango Alphonso,5
323,Anjeer (Fig),5
323,Kesar (Saffron),5
323,Tender Coconut,5
323,Mint Chocolate Chip,5
323,Jamun,4
323,Peanut Butter Cup,5
324,Jackfruit,3
324,Anjeer (Fig),4
324,Chocolate,5
324,Strawberry Cheesecake,3
324,Thandai,5
324,Mango Sorbet,3
324,Malai Kulfi,5
324,Guava,2
324,Pineapple,3
324,Cookie Dough,5
324,Kesar Pista Kulfi,5
324,S'mores,5
324,Gajar Halwa,4
324,Rabri,5
324,Watermelon Sorbet,3
324,Hazelnut,5
324,Tiramisu,5
324,Dark Chocolate,5
325,Birthday Cake,5
325,Mint Chocolate Chip,5
325,Malai Kulfi,5
325,Pan (Betel Leaf),5
325,Tender Coconut,5
325,Blueberry Cheesecake,5
325,Dry Fruit,5
325,Chocolate Fudge,4
325,Mango Alphonso,5
325,Mango Kulfi,5
325,Pineapple,5
325,Caramel Swirl,5
325,Strawberry,5
325,Cookie Dough,5
325,Coffee,5
325,Rooh Afza,5
325,Rajbhog,5
325,Rocky Road,5
325,Anjeer (Fig),5
325,Matcha Green Tea,5
326,Black Currant,5
326,Dark Chocolate,4
326,Rooh Afza,5
326,Watermelon Sorbet,4
326,Guava,4
326,Elaichi (Cardamom),5
326,Strawberry,5
326,Chocolate Fudge,5
326,Aamras,5
326,Orange Cream,5
326,Cookies and Cream,5
326,Rajbhog,5
326,Strawberry Cheesecake,5
326,Lavender Honey,5
326,Litchi,5
326,Coffee,5
326,Rocky Road,5
326,Mint Chocolate Chip,5
326,Cookie Dough,5
327,Pineapple,5
327,Gajar Halwa,4
327,Dark Chocolate,3
327,Mango Kulfi,5
327,Custard,5
327,Caramel Swirl,5
327,Peach,5
327,Rocky Road,2
327,Watermelon Sorbet,5
327,Butterscotch,4
327,Orange Cream,5
327,Jamun,5
327,Elaichi (Cardamom),5
327,Lavender Honey,4
327,Birthday Cake,4
327,Kaju Draksh,4
327,Salted Caramel,5
327,Chikoo (Sapodilla),5
327,Thandai,4
327,Matcha Green Tea,5
327,Rose (Gulab),5
328,Aamras,5
328,Watermelon Sorbet,3
328,Thandai,5
328,Tender Coconut,5
328,Peanut Butter Cup,5
328,Hazelnut,5
328,Mango Sorbet,4
328,Peach,4
328,Dark Chocolate,5
328,Jamun,4
328,Rajbhog,5
328,Sweet Corn,5
328,Birthday Cake,5
328,Ferrero Rocher,5
328,Kesar Pista Kulfi,5
328,Lavender Honey,4
328,Pineapple,3
328,Coffee,5
328,Matcha Green Tea,4
329,Red Velvet,5
329,Mango Alphonso,5
329,Gulkand,5
329,Lemon Sorbet,3
329,Custard,5
329,Matcha Green Tea,5
329,Anjeer (Fig),5
329,Cookie Dough,5
329,Lavender Honey,5
329,Jamun,3
329,Rajbhog,5
329,Rabri,5
329,Kesar Pista Kulfi,5
329,Chocolate Fudge,4
329,Litchi,4
329,Watermelon Sorbet,4
329,Chocolate,5
330,Chikoo (Sapodilla),5
330,Dark Chocolate,4
330,Mango Sorbet,4
330,Neapolitan,4
330,Kaju Draksh,5
330,Tutti Frutti,4
330,Aamras,5
330,Birthday Cake,5
330,Blueberry Cheesecake,4
330,Strawberry,4
330,Thandai,5
330,Strawberry Cheesecake,5
330,Peach,4
330,Jackfruit,5
330,Guava,4
330,Rooh Afza,5
330,Mango Alphonso,4
330,Pan (Betel Leaf),5
330,Ferrero Rocher,5
330,Red Velvet,4
330,Pineapple,4
331,Strawberry Cheesecake,5
331,Vanilla,5
331,Elaichi (Cardamom),4
331,Pan (Betel Leaf),4
331,Ferrero Rocher,4
331,Mango Kulfi,5
331,Hazelnut,5
331,Malai Kulfi,5
331,Orange Cream,5
331,Dry Fruit,4
331,Cookie Dough,5
331,Cookies and Cream,5
331,S'mores,5
331,Butterscotch,5
331,Red Velvet,5
331,Pista (Pistachio),4
331,Lavender Honey,4
331,Tutti Frutti,5
331,Pineapple,5
332,Guava,4
332,Vanilla,5
332,Tiramisu,5
332,Lemon Sorbet,4
332,Strawberry,5
332,Mango Alphonso,5
332,Biscoff,5
332,Sitaphal (Custard Apple),4
332,Pan (Betel Leaf),5
332,Orange Cream,5
332,Cookie Dough,5
332,Cookies and Cream,5
332,Dry Fruit,5
332,Sweet Corn,5
332,Hazelnut,5
332,Mint Chocolate Chip,5
332,Peanut Butter Cup,5
332,Jamun,4
332,Thandai,5
332,Pineapple,5
332,Red Velvet,5
332,Kesar Pista Kulfi,5
333,Malai Kulfi,5
333,Lavender Honey,4
333,Coffee,5
333,Custard,5
333,Biscoff,5
333,Mango Alphonso,4
333,Aamras,4
333,Red Velvet,5
333,Kesar Pista Kulfi,5
333,Rocky Road,5
333,Birthday Cake,5
333,Sweet Corn,4
333,S'mores,5
333,Black Currant,4
333,Elaichi (Cardamom),5
333,Mint Chocolate Chip,5
333,Thandai,5
333,Dry Fruit,5
333,Kesar (Saffron),5
333,Cookies and Cream,5
333,Strawberry Cheesecake,4
333,Jackfruit,4
334,Aamras,4
334,Litchi,3
334,Coffee,5
334,Malai Kulfi,5
334,Tender Coconut,4
334,Tutti Frutti,3
334,Black Currant,3
334,Chocolate,5
334,Gulkand,4
334,Peanut Butter Cup,5
334,Peach,4
334,Blueberry Cheesecake,4
334,Mango Sorbet,3
334,Sitaphal (Custard Apple),4
334,Salted Caramel,5
334,S'mores,5
335,Guava,4
335,Birthday Cake,5
335,Tutti Frutti,5
335,Orange Cream,5
335,Peanut Butter Cup,5
335,Kesar Pista Kulfi,5
335,Lavender Honey,5
335,S'mores,5
335,Red Velvet,5
335,Blueberry Cheesecake,5
335,Lemon Sorbet,4
335,Rajbhog,5
335,Coffee,5
335,Thandai,5
335,Chocolate Fudge,5
335,Tiramisu,5
335,Pista (Pistachio),5
335,Mango Sorbet,5
335,Gulkand,5
335,Strawberry,5
335,Kesar (Saffron),5
336,Rocky Road,4
336,Kesar Pista Kulfi,4
336,Lavender Honey,4
336,Birthday Cake,5
336,Peanut Butter Cup,4
336,Sitaphal (Custard Apple),5
336,Mint Chocolate Chip,5
336,Rabri,5
336,Anjeer (Fig),4
336,Watermelon Sorbet,5
336,Kaju Draksh,4
336,Elaichi (Cardamom),5
336,Caramel Swirl,5
336,Gulkand,5
336,Tiramisu,5
336,Custard,5
336,Pista (Pistachio),3
336,Rose (Gulab),4
337,Tiramisu,5
337,Rabri,5
337,Mango Sorbet,4
337,Chocolate Fudge,5
337,Orange Cream,5
337,Malai Kulfi,5
337,Lavender Honey,5
337,Jamun,5
337,Caramel Swirl,5
337,S'mores,5
337,Pista (Pistachio),5
337,Mango Kulfi,5
337,Custard,5
337,Rooh Afza,5
337,Chocolate,5
338,Hazelnut,5
338,Biscoff,5
338,Cookie Dough,5
338,Chikoo (Sapodilla),5
338,Black Currant,3
338,Chocolate Almond,5
338,Custard,5
338,Elaichi (Cardamom),5
338,Gulkand,5
338,Malai Kulfi,5
338,Salted Caramel,5
338,Mango Alphonso,5
338,Coffee,5
338,Rabri,5
338,Dark Chocolate,5
338,Birthday Cake,5
338,Butterscotch,5
339,Ferrero Rocher,5
339,Guava,5
339,Strawberry Cheesecake,4
339,Neapolitan,5
339,Tender Coconut,5
339,Anjeer (Fig),4
339,Dry Fruit,5
339,Matcha Green Tea,5
339,Gulkand,5
339,Caramel Swirl,5
339,Mango Kulfi,4
339,Black Currant,5
339,Salted Caramel,5
339,Aamras,4
339,Orange Cream,4
340,Neapolitan,4
340,Rooh Afza,5
340,Lavender Honey,5
340,Strawberry Cheesecake,4
340,Jackfruit,5
340,Orange Cream,4
340,Mint Chocolate Chip,5
340,Cookies and Cream,5
340,Matcha Green Tea,5
340,Strawberry,4
340,Anjeer (Fig),4
340,Litchi,4
340,Gulkand,5
340,Caramel Swirl,5
340,Rocky Road,5
340,Custard,5
341,Dark Chocolate,5
341,Peach,3
341,Gajar Halwa,5
341,Hazelnut,5
341,Matcha Green Tea,4
341,Rooh Afza,4
341,Strawberry Cheesecake,4
341,Tutti Frutti,4
341,Coffee,5
341,Mango Kulfi,4
341,Pineapple,4
341,S'mores,5
341,Kesar (Saffron),5
341,Biscoff,5
341,Thandai,4
341,Pista (Pistachio),5
341,Cookie Dough,5
341,Ferrero Rocher,5
342,Rocky Road,3
342,Butterscotch,5
342,Caramel Swirl,5
342,Pista (Pistachio),3
342,Biscoff,4
342,Elaichi (Cardamom),4
342,Chocolate,4
342,Chikoo (Sapodilla),5
342,Coconut,5
342,Matcha Green Tea,4
342,Tutti Frutti,5
342,Kesar Pista Kulfi,4
342,Tiramisu,5
342,Watermelon Sorbet,5
342,Guava,5
342,Black Currant,5
342,Rooh Afza,5
342,Jackfruit,5
342,Kaju Draksh,4
342,Tender Coconut,4
343,Caramel Swirl,4
343,Jamun,4
343,Watermelon Sorbet,5
343,Pista (Pistachio),4
343,Kesar (Saffron),4
343,Coffee,4
343,Orange Cream,4
343,Kaju Draksh,4
343,Anjeer (Fig),4
343,Chocolate,3
343,Rabri,4
343,Neapolitan,4
343,Peanut Butter Cup,3
343,Sweet Corn,4
343,Tender Coconut,4
343,Salted Caramel,4
343,Chocolate Almond,4
343,Badam (Almond),3
343,Tutti Frutti,5
344,Mango Alphonso,4
344,Biscoff,5
344,Malai Kulfi,5
344,Kesar (Saffron),5
344,Mango Sorbet,4
344,Pista (Pistachio),5
344,Rabri,5
344,Peach,4
344,Orange Cream,4
344,Tender Coconut,4
344,Mint Chocolate Chip,5
344,Pan (Betel Leaf),5
344,Hazelnut,5
344,Vanilla,5
344,Jackfruit,4
344,Neapolitan,5
344,Pineapple,3
344,Cookie Dough,5
344,Sitaphal (Custard Apple),4
344,Gulkand,5
344,Peanut Butter Cup,5
345,Cookie Dough,5
345,Rocky Road,4
345,Mango Sorbet,5
345,Custard,5
345,Coffee,4
345,Kaju Draksh,4
345,Rose (Gulab),4
345,Lavender Honey,4
345,Cookies and Cream,5
345,Caramel Swirl,5
345,Tender Coconut,4
345,Black Currant,5
345,Mint Chocolate Chip,5
345,Litchi,5
345,Blueberry Cheesecake,5
346,Gajar Halwa,4
346,Cookie Dough,4
346,Sweet Corn,5
346,Tiramisu,4
346,Pista (Pistachio),3
346,Anjeer (Fig),5
346,Black Currant,5
346,Mint Chocolate Chip,3
346,Dry Fruit,4
346,Aamras,5
346,Matcha Green Tea,5
346,Chocolate,3
346,Watermelon Sorbet,5
346,Custard,5
346,Sitaphal (Custard Apple),5
346,Mango Alphonso,5
346,Thandai,4
346,Rooh Afza,5
346,Dark Chocolate,3
346,Gulkand,5
346,Chikoo (Sapodilla),5
346,Chocolate Almond,2
347,Cookie Dough,5
347,Caramel Swirl,5
347,Jamun,5
347,Watermelon Sorbet,5
347,Tutti Frutti,5
347,S'mores,5
347,Strawberry,5
347,Mango Kulfi,5
347,Dry Fruit,5
347,Pineapple,5
347,Lavender Honey,5
347,Rabri,5
347,Coffee,5
347,Birthday Cake,5
347,Coconut,5
347,Hazelnut,5
347,Sitaphal (Custard Apple),5
347,Matcha Green Tea,5
347,Aamras,5
347,Jackfruit,5
348,Mango Kulfi,5
348,Coffee,5
348,Strawberry Cheesecake,5
348,Red Velvet,4
348,Pista (Pistachio),5
348,Guava,4
348,Coconut,5
348,Litchi,5
348,Chocolate,4
348,Ferrero Rocher,5
348,Malai Kulfi,5
348,Anjeer (Fig),5
348,Butterscotch,5
348,Mango Alphonso,5
348,Gulkand,5
348,Tender Coconut,5
348,Pineapple,4
348,Watermelon Sorbet,4
348,Sitaphal (Custard Apple),5
348,Salted Caramel,5
349,Malai Kulfi,5
349,Badam (Almond),5
349,Guava,5
349,Black Currant,5
349,Strawberry,4
349,Kesar (Saffron),5
349,Butterscotch,5
349,Mango Alphonso,5
349,Gajar Halwa,5
349,Sitaphal (Custard Apple),5
349,Lavender Honey,5
349,Birthday Cake,5
349,Pineapple,4
349,Kaju Draksh,5
349,Jackfruit,5
349,Rooh Afza,5
349,Caramel Swirl,5
349,Aamras,5
349,Chocolate,4
349,Tiramisu,5
350,Jackfruit,4
350,Watermelon Sorbet,3
350,Mango Alphonso,4
350,Gajar Halwa,5
350,Rajbhog,5
350,Biscoff,5
350,Chocolate,5
350,Kaju Draksh,5
350,Coconut,4
350,Lavender Honey,4
350,Mango Sorbet,3
350,Dry Fruit,5
350,Mint Chocolate Chip,5
350,Rooh Afza,4
350,Mango Kulfi,3
350,Gulkand,4
350,Tender Coconut,4
350,Rabri,5
350,Chocolate Almond,5
350,Ferrero Rocher,5
350,Kesar Pista Kulfi,5
351,Peach,5
351,Sitaphal (Custard Apple),5
351,Thandai,5
351,Lemon Sorbet,3
351,Lavender Honey,5
351,Matcha Green Tea,5
351,Biscoff,5
351,Custard,5
351,Watermelon Sorbet,5
351,Chocolate Almond,5
351,Butterscotch,5
351,Aamras,5
351,Dark Chocolate,4
351,Rocky Road,5
351,Dry Fruit,5
351,Kaju Draksh,5
351,Caramel Swirl,5
351,Badam (Almond),5
351,Tender Coconut,5
352,Malai Kulfi,5
352,Litchi,5
352,Lemon Sorbet,4
352,Chocolate,5
352,Rabri,5
352,Rose (Gulab),5
352,Ferrero Rocher,5
352,Custard,5
352,Matcha Green Tea,5
352,Mango Sorbet,5
352,Thandai,5
352,Kesar (Saffron),5
352,Blueberry Cheesecake,5
352,Jackfruit,5
352,Kaju Draksh,5
352,Mango Kulfi,5
353,Pineapple,5
353,Pan (Betel Leaf),5
353,Neapolitan,5
353,Gulkand,5
353,Thandai,5
353,Custard,5
353,Cookie Dough,5
353,Birthday Cake,5
353,Kesar Pista Kulfi,5
353,Dry Fruit,5
353,Coconut,5
353,Blueberry Cheesecake,4
353,Strawberry,5
353,Chocolate,5
353,Kaju Draksh,5
353,Lavender Honey,5
353,Peanut Butter Cup,5
353,Anjeer (Fig),5
353,Rose (Gulab),5
353,Badam (Almond),5
354,Kesar (Saffron),5
354,Black Currant,5
354,Jamun,5
354,Tiramisu,5
354,Rocky Road,5
354,Ferrero Rocher,5
354,Chikoo (Sapodilla),5
354,Strawberry Cheesecake,5
354,S'mores,5
354,Rooh Afza,5
354,Litchi,5
354,Rajbhog,5
354,Lavender Honey,5
354,Mango Alphonso,5
354,Tender Coconut,5
354,Sweet Corn,4
354,Gulkand,5
354,Butterscotch,5
354,Pineapple,4
354,Lemon Sorbet,4
354,Blueberry Cheesecake,5
354,Kaju Draksh,5
355,Gajar Halwa,5
355,Sweet Corn,5
355,Peanut Butter Cup,5
355,Ferrero Rocher,5
355,Thandai,4
355,Anjeer (Fig),4
355,Red Velvet,5
355,Pineapple,3
355,Coconut,4
355,Tender Coconut,4
355,Malai Kulfi,5
355,Aamras,3
355,Gulkand,4
355,Caramel Swirl,5
355,Rose (Gulab),4
355,Orange Cream,4
355,Tutti Frutti,3
355,Litchi,3
355,Vanilla,4
355,Rocky Road,5
355,Lemon Sorbet,2
356,Badam (Almond),5
356,Peach,3
356,Malai Kulfi,5
356,Biscoff,5
356,Rooh Afza,4
356,Tutti Frutti,4
356,Neapolitan,5
356,Chocolate Almond,5
356,Blueberry Cheesecake,4
356,Matcha Green Tea,4
356,Litchi,3
356,Lemon Sorbet,2
356,Kesar (Saffron),5
356,Tender Coconut,4
356,Lavender Honey,4
356,Dry Fruit,5
357,Peach,3
357,Chocolate Fudge,5
357,Pista (Pistachio),5
357,Jackfruit,4
357,Sweet Corn,4
357,Badam (Almond),5
357,Kaju Draksh,4
357,Hazelnut,5
357,Litchi,3
357,Orange Cream,3
357,Tiramisu,5
357,Cookie Dough,5
357,Gulkand,4
357,Pineapple,3
357,Blueberry Cheesecake,4
357,Rajbhog,5
357,Butterscotch,5
358,Aamras,5
358,Vanilla,5
358,Biscoff,5
358,Pista (Pistachio),5
358,Sweet Corn,5
358,Coconut,5
358,Mint Chocolate Chip,5
358,Tiramisu,5
358,Coffee,5
358,Strawberry Cheesecake,5
358,Birthday Cake,5
358,Rajbhog,5
358,Black Currant,5
358,Chocolate Almond,5
358,Guava,5
358,Custard,5
358,Ferrero Rocher,5
358,Gulkand,5
358,Salted Caramel,5
358,Hazelnut,5
358,Malai Kulfi,5
358,Blueberry Cheesecake,5
359,Watermelon Sorbet,5
359,Strawberry,5
359,Lavender Honey,4
359,Chocolate Fudge,4
359,Birthday Cake,4
359,Elaichi (Cardamom),4
359,Mango Sorbet,5
359,Rose (Gulab),4
359,Cookies and Cream,4
359,Mango Kulfi,5
359,Pista (Pistachio),3
359,Malai Kulfi,4
359,Thandai,4
359,Blueberry Cheesecake,5
359,Salted Caramel,4
360,Biscoff,5
360,Red Velvet,5
360,Peanut Butter Cup,5
360,Watermelon Sorbet,3
360,Coffee,5
360,Tender Coconut,4
360,Sweet Corn,4
360,Gulkand,5
360,Badam (Almond),5
360,Salted Caramel,5
360,Hazelnut,5
360,Tiramisu,5
360,Jamun,3
360,Sitaphal (Custard Apple),4
360,Anjeer (Fig),4
360,Chocolate Almond,5
360,Orange Cream,3
360,Gajar Halwa,5
360,Rajbhog,5
360,Rocky Road,5
360,Rabri,5
360,Mango Kulfi,4
361,Lavender Honey,5
361,Sitaphal (Custard Apple),5
361,Jamun,5
361,Vanilla,5
361,Pista (Pistachio),4
361,Rajbhog,4
361,Blueberry Cheesecake,5
361,Rocky Road,4
361,Peanut Butter Cup,4
361,Black Currant,5
361,Caramel Swirl,5
361,Mango Sorbet,5
361,Rooh Afza,5
361,Chocolate,5
361,Butterscotch,5
361,Dark Chocolate,5
361,Anjeer (Fig),5
361,Lemon Sorbet,5
361,Peach,5
361,Pan (Betel Leaf),5
361,Mint Chocolate Chip,5
362,Aamras,5
362,Tiramisu,5
362,Pineapple,4
362,Sweet Corn,5
362,Jamun,3
362,Butterscotch,5
362,Chocolate,4
362,Orange Cream,5
362,Red Velvet,5
362,Rocky Road,5
362,Rabri,5
362,Caramel Swirl,5
362,Custard,5
362,Rose (Gulab),5
362,Cookie Dough,5
363,S'mores,5
363,Jackfruit,4
363,Pan (Betel Leaf),5
363,Cookie Dough,5
363,Rocky Road,5
363,Sweet Corn,5
363,Kesar Pista Kulfi,5
363,Matcha Green Tea,5
363,Chocolate Almond,5
363,Pineapple,4
363,Vanilla,5
363,Salted Caramel,5
363,Strawberry,4
363,Kesar (Saffron),5
363,Coffee,5
363,Gajar Halwa,5
363,Elaichi (Cardamom),5
363,Dry Fruit,5
364,Kesar (Saffron),5
364,Sweet Corn,5
364,Chocolate Fudge,5
364,Dark Chocolate,5
364,Kesar Pista Kulfi,5
364,Watermelon Sorbet,4
364,Biscoff,5
364,Salted Caramel,5
364,Chikoo (Sapodilla),5
364,Jackfruit,4
364,Chocolate,5
364,Thandai,5
364,Pista (Pistachio),5
364,Pineapple,3
364,Badam (Almond),5
364,Peach,4
364,Mango Alphonso,4
364,Custard,5
364,Sitaphal (Custard Apple),5
364,Gajar Halwa,5
365,Cookie Dough,5
365,Rooh Afza,4
365,Butterscotch,5
365,Ferrero Rocher,5
365,Rajbhog,5
365,Chocolate Almond,5
365,Salted Caramel,5
365,Matcha Green Tea,4
365,Strawberry,3
365,Chocolate,5
365,Litchi,3
365,Rose (Gulab),4
365,Tutti Frutti,4
365,Sweet Corn,4
365,Birthday Cake,5
365,Mango Alphonso,3
366,Guava,5
366,Butterscotch,5
366,Cookie Dough,5
366,Orange Cream,5
366,Badam (Almond),3
366,Mango Sorbet,5
366,Sweet Corn,5
366,Peanut Butter Cup,3
366,Hazelnut,3
366,Ferrero Rocher,4
366,Caramel Swirl,5
366,Coffee,4
366,Jamun,5
366,Neapolitan,5
366,Pista (Pistachio),3
366,Lavender Honey,4
366,Birthday Cake,5
366,Red Velvet,5
366,Biscoff,4
366,Blueberry Cheesecake,5
366,Pineapple,5
367,Dry Fruit,5
367,Rooh Afza,5
367,Tutti Frutti,4
367,Peanut Butter Cup,5
367,Sweet Corn,4
367,Salted Caramel,5
367,Cookies and Cream,5
367,Coconut,4
367,Chocolate,5
367,Gulkand,4
367,Pan (Betel Leaf),4
367,Mango Alphonso,4
367,S'mores,5
367,Tender Coconut,4
367,Butterscotch,5
367,Caramel Swirl,5
367,Rajbhog,5
367,Mango Kulfi,4
367,Aamras,4
367,Mint Chocolate Chip,5
368,Mango Alphonso,5
368,Strawberry Cheesecake,5
368,Black Currant,5
368,Rajbhog,5
368,Pineapple,5
368,Kesar (Saffron),5
368,Rooh Afza,5
368,S'mores,5
368,Peanut Butter Cup,5
368,Chocolate Almond,5
368,Gulkand,5
368,Guava,5
368,Watermelon Sorbet,4
368,Butterscotch,5
368,Jackfruit,5
368,Neapolitan,5
368,Malai Kulfi,5
368,Tender Coconut,5
368,Coffee,5
368,Lavender Honey,5
368,Strawberry,5
368,Kesar Pista Kulfi,5
369,Kaju Draksh,5
369,Chocolate Fudge,5
369,Mint Chocolate Chip,5
369,Coconut,5
369,Vanilla,4
369,Peanut Butter Cup,5
369,Kesar (Saffron),5
369,Strawberry Cheesecake,4
369,Cookie Dough,5
369,Mango Sorbet,4
369,Elaichi (Cardamom),5
369,Tiramisu,5
369,Peach,4
369,Butterscotch,5
369,Guava,4
369,Birthday Cake,4
369,Tender Coconut,4
369,Orange Cream,4
369,Lavender Honey,5
369,Mango Alphonso,4
369,Chikoo (Sapodilla),4
369,Rocky Road,5
370,Vanilla,5
370,Sitaphal (Custard Apple),4
370,Biscoff,5
370,Birthday Cake,5
370,Strawberry,4
370,Badam (Almond),5
370,Matcha Green Tea,4
370,Blueberry Cheesecake,4
370,Kesar (Saffron),5
370,S'mores,5
370,Cookie Dough,5
370,Watermelon Sorbet,3
370,Strawberry Cheesecake,4
370,Gajar Halwa,5
370,Anjeer (Fig),4
370,Chocolate,5
370,Tiramisu,5
370,Lemon Sorbet,3
370,Lavender Honey,4
370,Chocolate Fudge,5
370,Ferrero Rocher,5
371,Lemon Sorbet,2
371,Malai Kulfi,5
371,Tender Coconut,4
371,Mango Sorbet,3
371,Rabri,5
371,Matcha Green Tea,4
371,Mango Alphonso,3
371,Pineapple,3
371,Kaju Draksh,4
371,Rajbhog,5
371,Badam (Almond),5
371,Aamras,4
371,Kesar Pista Kulfi,5
371,Birthday Cake,5
371,Anjeer (Fig),4
371,Butterscotch,5
371,Watermelon Sorbet,2
371,Tutti Frutti,3
371,Pan (Betel Leaf),4
371,Kesar (Saffron),4
372,Dark Chocolate,5
372,Custard,5
372,Blueberry Cheesecake,4
372,Lemon Sorbet,3
372,Black Currant,5
372,Coffee,5
372,Mango Sorbet,3
372,Ferrero Rocher,5
372,Vanilla,5
372,Elaichi (Cardamom),5
372,Chocolate,5
372,Rabri,5
372,Rose (Gulab),4
372,Mango Kulfi,4
372,Pista (Pistachio),5
372,Chocolate Fudge,5
372,Rocky Road,5
373,Thandai,5
373,Matcha Green Tea,5
373,Birthday Cake,5
373,Dry Fruit,5
373,Malai Kulfi,5
373,Lemon Sorbet,2
373,Tutti Frutti,4
373,Kesar Pista Kulfi,5
373,Watermelon Sorbet,4
373,Mango Sorbet,4
373,Rabri,5
373,Rocky Road,5
373,Tender Coconut,5
373,Biscoff,5
373,Gajar Halwa,5
374,Dry Fruit,5
374,S'mores,5
374,Mango Alphonso,4
374,Kesar Pista Kulfi,5
374,Custard,4
374,Tender Coconut,4
374,Mango Sorbet,3
374,Coffee,5
374,Vanilla,5
374,Guava,4
374,Sweet Corn,3
374,Aamras,4
374,Cookie Dough,5
374,Neapolitan,5
374,Butterscotch,5
374,Rabri,5
374,Watermelon Sorbet,3
374,Jackfruit,4
374,Chikoo (Sapodilla),4
374,Ferrero Rocher,5
375,Litchi,5
375,Custard,4
375,Rabri,4
375,S'mores,5
375,Biscoff,5
375,Chocolate Fudge,4
375,Rocky Road,4
375,Salted Caramel,4
375,Rajbhog,4
375,Kesar (Saffron),4
375,Anjeer (Fig),5
375,Guava,4
375,Red Velvet,5
375,Jackfruit,5
375,Blueberry Cheesecake,5
375,Matcha Green Tea,4
375,Lemon Sorbet,5
376,Sweet Corn,5
376,Strawberry Cheesecake,5
376,Chocolate,4
376,Dark Chocolate,4
376,Jamun,4
376,Pan (Betel Leaf),4
376,Kesar (Saffron),4
376,Mango Alphonso,5
376,Mango Sorbet,5
376,Sitaphal (Custard Apple),5
376,Tiramisu,4
376,Mango Kulfi,5
376,Mint Chocolate Chip,4
376,Neapolitan,5
376,Peach,5
376,Chikoo (Sapodilla),5
376,Vanilla,5
377,Rocky Road,4
377,Thandai,4
377,Peach,5
377,Biscoff,5
377,Lavender Honey,5
377,Matcha Green Tea,4
377,Elaichi (Cardamom),4
377,Rajbhog,4
377,Lemon Sorbet,4
377,Badam (Almond),4
377,Jamun,5
377,Pineapple,5
377,Coffee,4
377,Mango Alphonso,5
377,Hazelnut,4
377,Kesar Pista Kulfi,4
377,Aamras,5
377,Anjeer (Fig),5
377,Mint Chocolate Chip,4
378,S'mores,5
378,Guava,5
378,Red Velvet,4
378,Strawberry,5
378,Kesar Pista Kulfi,4
378,Cookies and Cream,4
378,Jamun,5
378,Gulkand,4
378,Black Currant,5
378,Mango Alphonso,5
378,Litchi,5
378,Mango Sorbet,5
378,Chikoo (Sapodilla),5
378,Matcha Green Tea,4
378,Biscoff,5
378,Lavender Honey,5
378,Rocky Road,4
379,Elaichi (Cardamom),5
379,Jamun,5
379,Mango Sorbet,5
379,Salted Caramel,5
379,Strawberry,5
379,Badam (Almond),4
379,Chocolate,3
379,S'mores,3
379,Pan (Betel Leaf),5
379,Tender Coconut,5
379,Black Currant,5
379,Rajbhog,4
379,Kesar (Saffron),4
379,Kesar Pista Kulfi,3
379,Sitaphal (Custard Apple),5
379,Neapolitan,5
379,Chikoo (Sapodilla),5
379,Sweet Corn,5
379,Jackfruit,5
379,Vanilla,5
379,Mango Kulfi,5
380,Guava,5
380,Aamras,5
380,Pan (Betel Leaf),4
380,Mint Chocolate Chip,4
380,Strawberry Cheesecake,5
380,Chocolate,4
380,Rooh Afza,4
380,Anjeer (Fig),5
380,Strawberry,5
380,Pineapple,5
380,Jamun,4
380,Rajbhog,4
380,Mango Sorbet,5
380,Thandai,4
380,Lavender Honey,4
380,Cookies and Cream,4
380,Jackfruit,5
380,Vanilla,4
380,Rose (Gulab),4
380,Watermelon Sorbet,5
381,Rabri,5
381,Sweet Corn,4
381,Malai Kulfi,5
381,Kaju Draksh,5
381,Mint Chocolate Chip,5
381,Lemon Sorbet,4
381,Chocolate,5
381,Elaichi (Cardamom),5
381,Kesar Pista Kulfi,5
381,Butterscotch,5
381,Pineapple,4
381,Biscoff,5
381,Rooh Afza,5
381,Chocolate Almond,5
381,Dry Fruit,5
381,Pista (Pistachio),5
382,Butterscotch,5
382,Biscoff,5
382,Rajbhog,5
382,Litchi,4
382,Rocky Road,5
382,Ferrero Rocher,5
382,Caramel Swirl,5
382,Mango Sorbet,4
382,Black Currant,4
382,Tutti Frutti,4
382,Malai Kulfi,5
382,Mint Chocolate Chip,5
382,Cookie Dough,5
382,Mango Alphonso,4
382,Sitaphal (Custard Apple),4
382,Rose (Gulab),5
382,Kesar (Saffron),5
382,Peanut Butter Cup,5
382,Lavender Honey,5
382,Cookies and Cream,5
382,Aamras,5
382,Dry Fruit,5
383,Mango Kulfi,5
383,Kesar (Saffron),5
383,Rabri,5
383,Coffee,4
383,Chocolate Almond,4
383,Tiramisu,5
383,Hazelnut,4
383,Dry Fruit,4
383,Rocky Road,4
383,Lavender Honey,4
383,Thandai,4
383,Neapolitan,5
383,Biscoff,5
383,S'mores,5
383,Elaichi (Cardamom),4
383,Tutti Frutti,5
383,Kaju Draksh,4
383,Blueberry Cheesecake,5
383,Gulkand,5
383,Jamun,5
384,Chocolate Almond,5
384,Aamras,5
384,Coffee,5
384,Mango Kulfi,4
384,Pista (Pistachio),5
384,Rocky Road,5
384,Dark Chocolate,5
384,Strawberry,4
384,Rooh Afza,4
384,Dry Fruit,5
384,Mint Chocolate Chip,5
384,Kesar Pista Kulfi,5
384,Pineapple,4
384,Butterscotch,5
384,Blueberry Cheesecake,4
384,Sitaphal (Custard Apple),5
384,Vanilla,5
384,Guava,4
384,Neapolitan,5
384,Matcha Green Tea,5
385,Mint Chocolate Chip,5
385,Custard,5
385,Strawberry Cheesecake,4
385,Strawberry,4
385,Peanut Butter Cup,5
385,Peach,3
385,Gajar Halwa,5
385,Kesar (Saffron),5
385,Rajbhog,5
385,Kaju Draksh,5
385,Watermelon Sorbet,4
385,Red Velvet,5
385,Sitaphal (Custard Apple),4
385,Biscoff,5
385,Dry Fruit,5
385,Chocolate Almond,5
386,Kesar Pista Kulfi,5
386,Lavender Honey,5
386,Mango Alphonso,5
386,Coffee,5
386,Strawberry Cheesecake,5
386,Rabri,5
386,Jackfruit,4
386,Coconut,5
386,Mango Kulfi,5
386,Rooh Afza,5
386,Tutti Frutti,4
386,Chikoo (Sapodilla),5
386,Badam (Almond),5
386,Watermelon Sorbet,4
386,Lemon Sorbet,4
386,Jamun,4
386,Kaju Draksh,5
386,Elaichi (Cardamom),5
386,Peach,5
387,Kesar Pista Kulfi,5
387,Litchi,3
387,Badam (Almond),5
387,Red Velvet,5
387,Blueberry Cheesecake,3
387,Mango Kulfi,3
387,Sweet Corn,4
387,Lavender Honey,4
387,Anjeer (Fig),3
387,Cookies and Cream,5
387,Sitaphal (Custard Apple),4
387,Biscoff,5
387,Vanilla,5
387,Jamun,3
387,Rajbhog,5
388,Elaichi (Cardamom),5
388,Cookie Dough,5
388,Dry Fruit,5
388,Peach,4
388,Chikoo (Sapodilla),5
388,Litchi,5
388,Butterscotch,5
388,Sitaphal (Custard Apple),5
388,Lemon Sorbet,3
388,Rose (Gulab),5
388,Chocolate,4
388,Red Velvet,5
388,Rajbhog,5
388,Guava,4
388,Mint Chocolate Chip,5
388,Coffee,5
388,Vanilla,5
389,Litchi,5
389,Sitaphal (Custard Apple),5
389,Peanut Butter Cup,5
389,Strawberry,5
389,Lemon Sorbet,3
389,Mango Sorbet,4
389,Mint Chocolate Chip,5
389,Jackfruit,5
389,Coffee,5
389,Orange Cream,5
389,Ferrero Rocher,5
389,Pista (Pistachio),5
389,Pan (Betel Leaf),5
389,Vanilla,5
389,Rose (Gulab),5
389,Chocolate,5
389,Watermelon Sorbet,4
389,Mango Kulfi,5
390,Peanut Butter Cup,3
390,Tutti Frutti,5
390,Hazelnut,3
390,Mango Sorbet,5
390,Blueberry Cheesecake,5
390,Matcha Green Tea,4
390,Rocky Road,3
390,Rooh Afza,4
390,Watermelon Sorbet,5
390,Biscoff,4
390,Caramel Swirl,4
390,Cookie Dough,4
390,Chocolate Almond,4
390,Mango Alphonso,5
390,Elaichi (Cardamom),4
391,Pista (Pistachio),5
391,Rajbhog,5
391,Jackfruit,5
391,Elaichi (Cardamom),5
391,Badam (Almond),5
391,Chocolate Almond,5
391,Strawberry Cheesecake,5
391,Guava,4
391,Aamras,5
391,Dry Fruit,5
391,Kesar (Saffron),5
391,Malai Kulfi,5
391,Mango Alphonso,5
391,Coconut,5
391,Blueberry Cheesecake,4
392,Vanilla,4
392,Lemon Sorbet,5
392,Dark Chocolate,3
392,Pineapple,5
392,Anjeer (Fig),5
392,Tiramisu,4
392,Cookie Dough,4
392,Rose (Gulab),5
392,Malai Kulfi,4
392,Black Currant,5
392,Gulkand,4
392,Rajbhog,3
392,Elaichi (Cardamom),4
392,Mint Chocolate Chip,3
392,Peach,5
392,Custard,4
392,Salted Caramel,5
392,Gajar Halwa,4
393,Jackfruit,4
393,Peach,4
393,Kesar Pista Kulfi,5
393,S'mores,5
393,Lavender Honey,5
393,Strawberry Cheesecake,5
393,Aamras,5
393,Chocolate Fudge,5
393,Jamun,5
393,Coffee,5
393,Rajbhog,5
393,Cookie Dough,5
393,Dry Fruit,5
393,Rocky Road,5
393,Tiramisu,5
393,Gulkand,5
393,Guava,5
394,Chocolate Fudge,5
394,Coconut,3
394,Thandai,4
394,Rocky Road,5
394,Jackfruit,3
394,Chikoo (Sapodilla),4
394,Tutti Frutti,3
394,Ferrero Rocher,5
394,Peach,3
394,Sweet Corn,4
394,Rabri,4
394,Anjeer (Fig),4
394,Cookie Dough,5
394,Birthday Cake,5
394,Lemon Sorbet,2
394,Elaichi (Cardamom),4
394,Dark Chocolate,5
394,Strawberry,3
394,Jamun,3
395,Birthday Cake,5
395,Coffee,5
395,Matcha Green Tea,5
395,Dry Fruit,5
395,Pan (Betel Leaf),4
395,Litchi,4
395,Mango Alphonso,4
395,Mango Kulfi,4
395,Lavender Honey,5
395,Mint Chocolate Chip,5
395,Kaju Draksh,5
395,Mango Sorbet,3
395,Watermelon Sorbet,3
395,Tiramisu,5
395,Peanut Butter Cup,5
395,Pista (Pistachio),5
395,Cookies and Cream,5
395,Dark Chocolate,5
396,Pan (Betel Leaf),5
396,Anjeer (Fig),5
396,Vanilla,5
396,Chocolate Fudge,4
396,Rose (Gulab),5
396,Black Currant,4
396,Mango Sorbet,4
396,Tiramisu,5
396,Chocolate Almond,5
396,Dark Chocolate,5
396,Rocky Road,5
396,Rooh Afza,5
396,Badam (Almond),5
396,Thandai,5
396,Pineapple,4
396,Salted Caramel,5
396,Cookies and Cream,5
396,Caramel Swirl,5
397,Lavender Honey,5
397,Pista (Pistachio),4
397,Rabri,5
397,Chocolate Almond,4
397,Biscoff,4
397,Aamras,5
397,Lemon Sorbet,4
397,Rajbhog,5
397,Coffee,4
397,Badam (Almond),4
397,Mango Alphonso,5
397,Birthday Cake,4
397,Red Velvet,4
397,Pan (Betel Leaf),4
397,Matcha Green Tea,4
397,Dark Chocolate,5
397,Strawberry,5
397,Anjeer (Fig),4
398,Rocky Road,5
398,Jamun,4
398,Hazelnut,5
398,Rooh Afza,5
398,Lavender Honey,5
398,Dry Fruit,5
398,Cookies and Cream,4
398,Biscoff,5
398,Strawberry Cheesecake,5
398,Caramel Swirl,5
398,Lemon Sorbet,3
398,Chocolate,4
398,Mango Alphonso,5
398,Anjeer (Fig),5
398,Vanilla,5
398,Pista (Pistachio),5
398,Aamras,5
398,Kaju Draksh,5
398,Chocolate Fudge,4
398,S'mores,5
398,Badam (Almond),5
399,Badam (Almond),5
399,Coconut,5
399,Cookie Dough,5
399,Jackfruit,5
399,Dry Fruit,5
399,Sitaphal (Custard Apple),5
399,Rooh Afza,5
399,Chocolate,4
399,Rabri,5
399,Mango Alphonso,4
399,Rose (Gulab),5
399,Elaichi (Cardamom),5
399,Gulkand,5
399,Salted Caramel,5
399,Ferrero Rocher,5
399,Custard,5
399,Peach,4
399,Tiramisu,5
400,Elaichi (Cardamom),5
400,Rooh Afza,5
400,Rocky Road,5
400,Pista (Pistachio),5
400,Pineapple,4
400,Watermelon Sorbet,3
400,Sitaphal (Custard Apple),5
400,Blueberry Cheesecake,4
400,Orange Cream,4
400,Dark Chocolate,5
400,Jamun,4
400,Chocolate Almond,5
400,Vanilla,5
400,Salted Caramel,5
400,Lavender Honey,5
400,Coffee,5
400,Rose (Gulab),5
400,Strawberry,4
400,Tender Coconut,4
400,Anjeer (Fig),5
400,Peach,4
400,Peanut Butter Cup,5
401,Peach,3
401,Coffee,5
401,Black Currant,3
401,Rose (Gulab),4
401,Biscoff,5
401,Pista (Pistachio),5
401,Gulkand,4
401,Tender Coconut,4
401,Thandai,4
401,Ferrero Rocher,5
401,Malai Kulfi,5
401,Birthday Cake,5
401,Dry Fruit,5
401,Rocky Road,5
401,Badam (Almond),5
401,Lemon Sorbet,2
401,Kaju Draksh,4
401,Mango Kulfi,4
401,Rajbhog,5
401,Sitaphal (Custard Apple),4
401,Hazelnut,5
402,Guava,5
402,Mint Chocolate Chip,5
402,Cookie Dough,5
402,Vanilla,5
402,Ferrero Rocher,5
402,Salted Caramel,5
402,Peanut Butter Cup,5
402,Watermelon Sorbet,4
402,Sweet Corn,5
402,Peach,5
402,Rose (Gulab),5
402,Mango Kulfi,5
402,Kesar (Saffron),5
402,Red Velvet,5
402,Pan (Betel Leaf),5
402,Sitaphal (Custard Apple),5
402,Malai Kulfi,5
402,Tender Coconut,5
403,Peach,5
403,Chikoo (Sapodilla),5
403,Watermelon Sorbet,5
403,Coffee,4
403,Mango Sorbet,5
403,Biscoff,4
403,Mango Kulfi,5
403,Aamras,5
403,Kaju Draksh,4
403,Strawberry Cheesecake,5
403,Hazelnut,3
403,Lemon Sorbet,5
403,Rose (Gulab),5
403,Jackfruit,5
403,Rabri,5
403,Birthday Cake,4
403,Tender Coconut,5
404,Kesar (Saffron),4
404,Rabri,4
404,Strawberry,3
404,Lemon Sorbet,2
404,Blueberry Cheesecake,4
404,Matcha Green Tea,4
404,Pista (Pistachio),5
404,Mint Chocolate Chip,5
404,Kesar Pista Kulfi,5
404,Biscoff,5
404,Tender Coconut,4
404,Rajbhog,5
404,Rooh Afza,4
404,Jackfruit,3
404,Cookies and Cream,5
404,Pineapple,3
404,Gulkand,4
404,Lavender Honey,4
404,Mango Kulfi,4
404,Guava,3
405,Badam (Almond),5
405,Kesar Pista Kulfi,5
405,Strawberry,4
405,Pista (Pistachio),5
405,Custard,5
405,Neapolitan,5
405,Hazelnut,5
405,Mint Chocolate Chip,5
405,Tiramisu,5
405,Pineapple,4
405,Ferrero Rocher,5
405,Elaichi (Cardamom),5
405,Red Velvet,5
405,Cookies and Cream,5
405,Black Currant,4
405,Gajar Halwa,5
405,Biscoff,5
405,Rocky Road,5
405,Coconut,4
405,Rose (Gulab),4
405,Mango Sorbet,4
405,Sitaphal (Custard Apple),5
406,Pista (Pistachio),4
406,Jackfruit,5
406,Vanilla,5
406,Chikoo (Sapodilla),5
406,Coffee,5
406,Sweet Corn,5
406,Rocky Road,4
406,Orange Cream,5
406,Kesar (Saffron),5
406,Chocolate Almond,5
406,Watermelon Sorbet,5
406,Chocolate Fudge,5
406,Pan (Betel Leaf),5
406,Mango Alphonso,5
406,Rajbhog,5
406,Guava,5
406,Pineapple,5
406,Ferrero Rocher,4
406,Thandai,4
406,Mango Kulfi,5
406,Dry Fruit,4
406,Coconut,5
407,Elaichi (Cardamom),5
407,Mango Kulfi,4
407,Sitaphal (Custard Apple),4
407,Hazelnut,5
407,Pineapple,3
407,Chocolate Fudge,5
407,Birthday Cake,5
407,Cookies and Cream,5
407,Thandai,5
407,Blueberry Cheesecake,4
407,Kaju Draksh,5
407,Caramel Swirl,5
407,Custard,5
407,Aamras,4
407,Kesar (Saffron),5
407,Pista (Pistachio),5
407,Guava,3
408,Strawberry Cheesecake,5
408,Caramel Swirl,5
408,Red Velvet,5
408,Coffee,5
408,Butterscotch,5
408,Dry Fruit,5
408,S'mores,5
408,Orange Cream,5
408,Rocky Road,5
408,Black Currant,5
408,Gulkand,5
408,Neapolitan,5
408,Thandai,5
408,Hazelnut,5
408,Pista (Pistachio),5
409,Kesar (Saffron),5
409,Jamun,4
409,Thandai,5
409,Chocolate Fudge,4
409,Mango Sorbet,4
409,Elaichi (Cardamom),5
409,Mint Chocolate Chip,5
409,Peanut Butter Cup,5
409,Gulkand,5
409,Kaju Draksh,5
409,Red Velvet,5
409,Pista (Pistachio),5
409,Coffee,5
409,Chocolate,5
409,Rooh Afza,5
409,Litchi,5
409,Peach,5
409,Cookie Dough,4
409,Rocky Road,5
410,Mango Sorbet,3
410,Mango Kulfi,4
410,Tiramisu,5
410,Elaichi (Cardamom),5
410,Rajbhog,5
410,Litchi,3
410,Rocky Road,5
410,Strawberry,3
410,Thandai,5
410,Birthday Cake,5
410,Dark Chocolate,5
410,Chocolate Fudge,5
410,Chocolate Almond,5
410,Caramel Swirl,5
410,Biscoff,5
410,Matcha Green Tea,4
410,Orange Cream,4
411,Tender Coconut,5
411,Salted Caramel,5
411,Peanut Butter Cup,5
411,Red Velvet,4
411,Mango Alphonso,5
411,Malai Kulfi,5
411,Elaichi (Cardamom),5
411,Pan (Betel Leaf),5
411,Lemon Sorbet,3
411,Coffee,5
411,Tiramisu,5
411,Thandai,5
411,Mango Kulfi,5
411,Kesar (Saffron),5
411,Kaju Draksh,5
411,Lavender Honey,5
411,Pineapple,4
411,Watermelon Sorbet,4
412,Tender Coconut,5
412,Ferrero Rocher,2
412,Rooh Afza,5
412,Litchi,5
412,Coffee,3
412,Biscoff,4
412,Lavender Honey,4
412,Rose (Gulab),5
412,Lemon Sorbet,5
412,Hazelnut,3
412,Rabri,4
412,Cookies and Cream,3
412,Elaichi (Cardamom),3
412,Red Velvet,3
412,Jackfruit,5
412,Butterscotch,4
412,Kesar (Saffron),4
412,Matcha Green Tea,5
412,Tutti Frutti,5
412,Tiramisu,4
413,Mango Kulfi,4
413,Hazelnut,5
413,Kaju Draksh,5
413,Malai Kulfi,5
413,Pan (Betel Leaf),5
413,Black Currant,4
413,Jamun,4
413,Biscoff,5
413,Matcha Green Tea,5
413,Coffee,5
413,Mango Sorbet,3
413,Lemon Sorbet,3
413,Tender Coconut,5
413,Mango Alphonso,4
413,Red Velvet,5
413,Kesar Pista Kulfi,5
413,Coconut,4
413,Peanut Butter Cup,5
413,Sitaphal (Custard Apple),4
414,Cookie Dough,3
414,Peanut Butter Cup,2
414,Chocolate Almond,1
414,Thandai,3
414,Coffee,4
414,Jamun,5
414,Mango Kulfi,5
414,Ferrero Rocher,2
414,Caramel Swirl,5
414,Anjeer (Fig),5
414,Strawberry,5
414,Kesar Pista Kulfi,3
414,Tender Coconut,5
414,Red Velvet,3
414,Black Currant,5
414,Tutti Frutti,5
414,Peach,5
414,Dry Fruit,3
414,Butterscotch,4
414,Kaju Draksh,4
414,Chikoo (Sapodilla),5
415,Rajbhog,5
415,Chocolate,5
415,Lavender Honey,5
415,Chocolate Almond,5
415,Tutti Frutti,4
415,Kesar Pista Kulfi,5
415,Tiramisu,5
415,Vanilla,5
415,Jamun,5
415,Lemon Sorbet,4
415,Kaju Draksh,5
415,Sitaphal (Custard Apple),4
415,Mango Sorbet,4
415,Gajar Halwa,5
415,S'mores,5
415,Pan (Betel Leaf),5
415,Peach,5
415,Mint Chocolate Chip,5
415,Thandai,5
415,Blueberry Cheesecake,5
415,Dark Chocolate,5
415,Elaichi (Cardamom),5
416,Tender Coconut,5
416,Kesar Pista Kulfi,4
416,Red Velvet,5
416,Pineapple,5
416,Birthday Cake,5
416,Chocolate Almond,4
416,Rajbhog,4
416,Gulkand,5
416,Tutti Frutti,5
416,Peanut Butter Cup,4
416,Rose (Gulab),5
416,Orange Cream,5
416,Biscoff,5
416,Kaju Draksh,4
416,Rooh Afza,5
416,Caramel Swirl,5
416,Badam (Almond),3
416,Mango Kulfi,5
416,Strawberry,5
416,Jackfruit,5
417,Black Currant,4
417,Chocolate,5
417,Cookie Dough,5
417,Guava,4
417,Butterscotch,5
417,Salted Caramel,5
417,Custard,5
417,Blueberry Cheesecake,4
417,Matcha Green Tea,4
417,Kesar (Saffron),5
417,Mango Alphonso,3
417,Coffee,5
417,Mango Sorbet,3
417,Chocolate Fudge,5
417,Kesar Pista Kulfi,5
417,Jackfruit,4
417,Rocky Road,5
417,Sitaphal (Custard Apple),4
417,Vanilla,5
417,Strawberry,4
417,Mango Kulfi,4
418,Sweet Corn,5
418,Red Velvet,5
418,Cookies and Cream,5
418,Neapolitan,5
418,Jamun,5
418,Kaju Draksh,5
418,Coconut,5
418,Peanut Butter Cup,4
418,Mango Kulfi,5
418,Guava,5
418,Orange Cream,5
418,Butterscotch,5
418,Elaichi (Cardamom),5
418,Black Currant,5
418,Aamras,5
418,Lavender Honey,5
418,Pista (Pistachio),4
418,Anjeer (Fig),5
418,Custard,5
419,Salted Caramel,5
419,Rooh Afza,5
419,Watermelon Sorbet,3
419,Mango Alphonso,5
419,Anjeer (Fig),4
419,Pineapple,3
419,Tiramisu,5
419,Mango Kulfi,5
419,Chocolate Almond,5
419,Guava,3
419,Elaichi (Cardamom),5
419,Birthday Cake,5
419,Red Velvet,5
419,Biscoff,5
419,Kesar (Saffron),5
420,Watermelon Sorbet,5
420,Coconut,5
420,Chikoo (Sapodilla),5
420,Black Currant,5
420,Peanut Butter Cup,4
420,Cookie Dough,4
420,Sitaphal (Custard Apple),5
420,Mango Alphonso,5
420,Thandai,4
420,S'mores,4
420,Gulkand,5
420,Red Velvet,4
420,Peach,5
420,Biscoff,4
420,Chocolate Almond,3
420,Litchi,5
420,Jackfruit,5
421,Black Currant,4
421,Anjeer (Fig),3
421,Rajbhog,5
421,Ferrero Rocher,5
421,Biscoff,5
421,Litchi,3
421,Sitaphal (Custard Apple),4
421,Chocolate,5
421,Chikoo (Sapodilla),4
421,Mango Kulfi,3
421,Gulkand,4
421,Peanut Butter Cup,5
421,Tutti Frutti,3
421,Watermelon Sorbet,3
421,Mango Sorbet,3
421,Lemon Sorbet,2
421,Jamun,3
421,Kesar Pista Kulfi,5
422,Vanilla,4
422,Badam (Almond),3
422,Chocolate Fudge,2
422,Sitaphal (Custard Apple),5
422,Jackfruit,5
422,Ferrero Rocher,1
422,Matcha Green Tea,5
422,Kesar (Saffron),4
422,Peach,5
422,Rabri,3
422,Kaju Draksh,4
422,Pista (Pistachio),2
422,Caramel Swirl,4
422,Watermelon Sorbet,5
422,Lavender Honey,4
423,Mint Chocolate Chip,5
423,Blueberry Cheesecake,4
423,Watermelon Sorbet,2
423,Rocky Road,5
423,Chocolate Almond,5
423,Strawberry,3
423,Sweet Corn,4
423,Badam (Almond),5
423,Caramel Swirl,5
423,Kesar (Saffron),5
423,Black Currant,3
423,Coffee,5
423,Chocolate,5
423,Mango Alphonso,4
423,Biscoff,5
423,Lavender Honey,4
424,Hazelnut,5
424,Chikoo (Sapodilla),4
424,Rose (Gulab),4
424,Dry Fruit,5
424,Chocolate,5
424,Badam (Almond),5
424,Peach,3
424,Mango Sorbet,3
424,Caramel Swirl,5
424,Cookie Dough,5
424,Kesar (Saffron),5
424,Matcha Green Tea,5
424,Gajar Halwa,5
424,Pista (Pistachio),5
424,Dark Chocolate,5
424,Coconut,5
424,Mango Alphonso,4
424,Rajbhog,5
424,Aamras,4
424,Pineapple,3
424,Mango Kulfi,4
425,Jamun,5
425,Jackfruit,5
425,Rocky Road,5
425,Blueberry Cheesecake,5
425,Elaichi (Cardamom),5
425,Pineapple,5
425,Gajar Halwa,5
425,Biscoff,5
425,Rooh Afza,5
425,Thandai,5
425,Aamras,5
425,Salted Caramel,5
425,Black Currant,5
425,Vanilla,5
425,Strawberry Cheesecake,5
425,Birthday Cake,5
425,Hazelnut,5
425,Tender Coconut,5
425,Rose (Gulab),5
425,Rajbhog,5
426,Neapolitan,5
426,Caramel Swirl,5
426,Tender Coconut,5
426,Chocolate Almond,5
426,Ferrero Rocher,5
426,Tiramisu,5
426,Pineapple,4
426,Gajar Halwa,5
426,Lavender Honey,5
426,Mango Alphonso,5
426,Rose (Gulab),5
426,Jamun,4
426,Gulkand,5
426,Birthday Cake,5
426,Kaju Draksh,5
426,Peach,5
426,Kesar (Saffron),5
426,Blueberry Cheesecake,4
426,Chikoo (Sapodilla),5
426,Sitaphal (Custard Apple),5
426,Litchi,5
426,Guava,4
427,Badam (Almond),3
427,Watermelon Sorbet,5
427,Matcha Green Tea,5
427,Caramel Swirl,5
427,Thandai,4
427,Rooh Afza,5
427,Black Currant,5
427,Hazelnut,3
427,Strawberry,5
427,Strawberry Cheesecake,5
427,Red Velvet,3
427,Ferrero Rocher,2
427,S'mores,3
427,Mango Alphonso,5
427,Chocolate,3
427,Rabri,4
427,Dark Chocolate,3
427,Salted Caramel,4
427,Custard,5
428,Dark Chocolate,5
428,Hazelnut,5
428,Peach,4
428,Pineapple,4
428,Sitaphal (Custard Apple),4
428,Neapolitan,5
428,Dry Fruit,5
428,Caramel Swirl,5
428,Lavender Honey,4
428,Jamun,4
428,Mango Sorbet,3
428,Ferrero Rocher,5
428,Cookies and Cream,5
428,Litchi,3
428,Elaichi (Cardamom),5
429,Blueberry Cheesecake,5
429,Dark Chocolate,4
429,Chikoo (Sapodilla),5
429,Cookies and Cream,5
429,Mango Alphonso,5
429,Black Currant,5
429,Orange Cream,5
429,Rajbhog,5
429,Custard,5
429,Caramel Swirl,5
429,Jamun,5
429,Tiramisu,4
429,Rose (Gulab),5
429,Thandai,4
429,Mango Sorbet,5
429,Lavender Honey,5
429,Litchi,5
429,S'mores,5
429,Aamras,5
429,Chocolate Fudge,4
430,Chocolate,4
430,Rajbhog,5
430,Guava,5
430,Butterscotch,5
430,Custard,5
430,Chocolate Fudge,4
430,Badam (Almond),4
430,Matcha Green Tea,4
430,Strawberry Cheesecake,5
430,Kesar Pista Kulfi,4
430,Cookie Dough,5
430,Malai Kulfi,5
430,Lavender Honey,5
430,Pan (Betel Leaf),4
430,Hazelnut,4
430,Pineapple,5
430,Ferrero Rocher,4
430,Tiramisu,5
430,Rabri,5
430,Watermelon Sorbet,5
430,Gulkand,5
430,Thandai,5
431,Dry Fruit,4
431,Strawberry,5
431,Guava,4
431,Gulkand,5
431,Chocolate Almond,4
431,Litchi,5
431,Vanilla,4
431,Gajar Halwa,4
431,Pan (Betel Leaf),4
431,Rajbhog,5
431,Blueberry Cheesecake,5
431,Dark Chocolate,4
431,Rocky Road,4
431,Sitaphal (Custard Apple),5
431,Watermelon Sorbet,5
431,Chocolate,4
431,Elaichi (Cardamom),4
431,Sweet Corn,4
431,Salted Caramel,5
431,Jackfruit,5
432,Tiramisu,5
432,Pineapple,5
432,Anjeer (Fig),5
432,Peach,5
432,S'mores,4
432,Gulkand,5
432,Black Currant,5
432,Watermelon Sorbet,4
432,Pista (Pistachio),5
432,Birthday Cake,5
432,Hazelnut,5
432,Jackfruit,5
432,Jamun,4
432,Kesar Pista Kulfi,5
432,Kaju Draksh,5
432,Coffee,5
432,Chikoo (Sapodilla),5
432,Vanilla,5
432,Tender Coconut,5
432,Strawberry Cheesecake,5
432,Mango Alphonso,5
432,Blueberry Cheesecake,5
433,Guava,5
433,S'mores,5
433,Matcha Green Tea,4
433,Mint Chocolate Chip,5
433,Mango Kulfi,5
433,Chikoo (Sapodilla),5
433,Sitaphal (Custard Apple),5
433,Orange Cream,5
433,Jackfruit,5
433,Strawberry,5
433,Cookie Dough,5
433,Kaju Draksh,4
433,Anjeer (Fig),5
433,Chocolate Almond,4
433,Blueberry Cheesecake,5
433,Tender Coconut,5
434,Cookies and Cream,3
434,Pan (Betel Leaf),4
434,Ferrero Rocher,2
434,Watermelon Sorbet,5
434,Matcha Green Tea,4
434,Anjeer (Fig),5
434,Guava,5
434,Jamun,5
434,Rajbhog,4
434,Rooh Afza,5
434,Black Currant,5
434,Tender Coconut,5
434,Elaichi (Cardamom),4
434,Vanilla,5
434,Pista (Pistachio),3
434,Biscoff,4
434,Gajar Halwa,4
434,S'mores,2
434,Mango Alphonso,5
434,Lavender Honey,4
434,Kaju Draksh,4
435,Aamras,5
435,Chikoo (Sapodilla),4
435,Jackfruit,4
435,S'mores,5
435,Red Velvet,5
435,Gulkand,4
435,Rabri,5
435,Hazelnut,5
435,Watermelon Sorbet,3
435,Caramel Swirl,5
435,Guava,4
435,Neapolitan,5
435,Coconut,5
435,Vanilla,5
435,Matcha Green Tea,5
435,Cookie Dough,5
435,Badam (Almond),5
435,Tutti Frutti,4
435,Kesar Pista Kulfi,5
435,Black Currant,4
435,Elaichi (Cardamom),5
435,Kaju Draksh,5
436,Salted Caramel,5
436,Jackfruit,5
436,Chikoo (Sapodilla),5
436,Kaju Draksh,5
436,Chocolate Fudge,4
436,Cookie Dough,4
436,Tender Coconut,5
436,Peanut Butter Cup,5
436,Rooh Afza,5
436,Guava,4
436,Lavender Honey,5
436,Mango Alphonso,5
436,Chocolate Almond,5
436,Chocolate,4
436,Butterscotch,5
436,Gulkand,5
437,Strawberry Cheesecake,5
437,Salted Caramel,5
437,Elaichi (Cardamom),5
437,Sweet Corn,5
437,Peanut Butter Cup,2
437,Gajar Halwa,4
437,Strawberry,5
437,Badam (Almond),3
437,Black Currant,5
437,Dry Fruit,3
437,Jackfruit,5
437,Malai Kulfi,4
437,Birthday Cake,4
437,Watermelon Sorbet,5
437,Orange Cream,5
437,Gulkand,5
437,Rocky Road,2
437,Mint Chocolate Chip,4
437,Pista (Pistachio),3
437,Lemon Sorbet,5
437,Dark Chocolate,3
437,Pan (Betel Leaf),5
438,Tutti Frutti,4
438,Red Velvet,5
438,Pista (Pistachio),5
438,Tiramisu,5
438,Kesar (Saffron),5
438,Kesar Pista Kulfi,5
438,Mint Chocolate Chip,5
438,Neapolitan,5
438,Pan (Betel Leaf),5
438,Vanilla,5
438,Chocolate Almond,5
438,Matcha Green Tea,4
438,Chocolate Fudge,5
438,Birthday Cake,5
438,Orange Cream,4
438,Coffee,5
439,Rabri,5
439,Mango Kulfi,4
439,Cookies and Cream,5
439,Rose (Gulab),4
439,Chocolate Almond,5
439,Black Currant,4
439,Tutti Frutti,3
439,Chocolate Fudge,5
439,Gulkand,4
439,Kesar (Saffron),4
439,Chocolate,5
439,Sitaphal (Custard Apple),4
439,Rocky Road,5
439,Lavender Honey,3
439,Peach,3
439,Anjeer (Fig),4
439,Malai Kulfi,5
440,Chocolate Almond,5
440,Aamras,4
440,Mango Kulfi,4
440,Rajbhog,5
440,Kesar (Saffron),5
440,Cookies and Cream,3
440,Pista (Pistachio),5
440,Salted Caramel,5
440,Badam (Almond),5
440,Strawberry,4
440,Ferrero Rocher,5
440,Caramel Swirl,5
440,Kaju Draksh,5
440,Tutti Frutti,4
440,Rocky Road,4
441,Strawberry Cheesecake,5
441,Rocky Road,2
441,Tiramisu,5
441,Dark Chocolate,3
441,Litchi,5
441,Gulkand,5
441,Ferrero Rocher,2
441,Sitaphal (Custard Apple),5
441,Rabri,4
441,Peanut Butter Cup,2
441,Vanilla,5
441,Peach,5
441,Dry Fruit,3
441,Thandai,4
441,Hazelnut,3
442,Cookies and Cream,4
442,Gajar Halwa,5
442,Vanilla,5
442,Mango Alphonso,5
442,Malai Kulfi,5
442,Gulkand,5
442,Strawberry Cheesecake,5
442,Chocolate Fudge,4
442,Jackfruit,5
442,Pan (Betel Leaf),5
442,Dry Fruit,5
442,Kesar (Saffron),5
442,Pineapple,4
442,Neapolitan,4
442,Matcha Green Tea,5
442,Mango Sorbet,4
442,Birthday Cake,5
442,Strawberry,4
442,Coffee,4
442,Chocolate,4
442,Black Currant,4
442,Butterscotch,5
443,Jamun,3
443,Aamras,4
443,Peanut Butter Cup,5
443,Chikoo (Sapodilla),4
443,Coffee,5
443,Cookie Dough,5
443,Rabri,5
443,Kesar (Saffron),5
443,Rocky Road,5
443,Lavender Honey,4
443,Rose (Gulab),4
443,Gulkand,4
443,Chocolate,5
443,Kesar Pista Kulfi,5
443,Tutti Frutti,4
443,Jackfruit,4
443,Mango Alphonso,4
443,Cookies and Cream,5
443,Anjeer (Fig),4
443,S'mores,5
443,Sweet Corn,5
444,Peach,5
444,Rose (Gulab),5
444,Dry Fruit,3
444,Pista (Pistachio),3
444,Chocolate,2
444,Caramel Swirl,4
444,Rajbhog,3
444,Jamun,5
444,Watermelon Sorbet,5
444,Salted Caramel,4
444,Strawberry,5
444,Coffee,5
444,Chocolate Almond,2
444,Black Currant,5
444,Biscoff,4
444,Red Velvet,3
445,Kaju Draksh,5
445,Guava,4
445,Gulkand,5
445,Strawberry,5
445,Aamras,5
445,Chocolate Fudge,4
445,Rose (Gulab),5
445,Biscoff,5
445,Peanut Butter Cup,5
445,Coconut,5
445,Orange Cream,4
445,Red Velvet,4
445,Tender Coconut,5
445,Elaichi (Cardamom),5
445,Mango Sorbet,4
445,Chocolate,4
445,Cookie Dough,5
445,Dry Fruit,5
445,Cookies and Cream,4
446,Mango Kulfi,5
446,Aamras,5
446,S'mores,3
446,Thandai,4
446,Jackfruit,5
446,Lavender Honey,4
446,Malai Kulfi,4
446,Kaju Draksh,4
446,Caramel Swirl,5
446,Neapolitan,5
446,Chocolate Almond,1
446,Pan (Betel Leaf),5
446,Cookies and Cream,4
446,Rajbhog,3
446,Tiramisu,3
446,Butterscotch,4
446,Coffee,4
446,Tender Coconut,5
446,Hazelnut,2
446,Lemon Sorbet,5
446,Vanilla,5
446,Strawberry,5
447,Tiramisu,5
447,Caramel Swirl,5
447,Chocolate Almond,5
447,Birthday Cake,5
447,Vanilla,5
447,Thandai,5
447,Rajbhog,5
447,Pineapple,4
447,Red Velvet,5
447,Chocolate Fudge,4
447,Aamras,5
447,Strawberry Cheesecake,5
447,Sitaphal (Custard Apple),5
447,Butterscotch,5
447,Malai Kulfi,5
447,Tutti Frutti,5
447,S'mores,5
447,Guava,4
448,Cookie Dough,5
448,Salted Caramel,5
448,Dark Chocolate,5
448,Tiramisu,5
448,Coffee,5
448,Anjeer (Fig),5
448,Sweet Corn,5
448,Dry Fruit,5
448,Black Currant,4
448,Coconut,5
448,Kesar (Saffron),5
448,Mango Kulfi,5
448,Butterscotch,5
448,Kaju Draksh,5
448,Aamras,5
448,Rabri,5
448,Cookies and Cream,5
448,Guava,4
448,Lavender Honey,5
448,Strawberry,5
448,Vanilla,5
449,Coconut,5
449,Sitaphal (Custard Apple),4
449,Custard,5
449,Tiramisu,5
449,Chikoo (Sapodilla),4
449,Salted Caramel,5
449,Chocolate,5
449,Neapolitan,5
449,Jackfruit,3
449,Kesar (Saffron),5
449,Sweet Corn,5
449,Tutti Frutti,4
449,Dry Fruit,5
449,Thandai,5
449,Litchi,3
449,Vanilla,5
449,Rooh Afza,5
449,Rocky Road,5
449,Chocolate Almond,5
449,Black Currant,4
450,Dry Fruit,5
450,Mint Chocolate Chip,5
450,Vanilla,5
450,Tiramisu,5
450,Rose (Gulab),5
450,Matcha Green Tea,5
450,Rajbhog,5
450,Jamun,4
450,Caramel Swirl,5
450,Dark Chocolate,4
450,Kesar Pista Kulfi,5
450,Gajar Halwa,5
450,Rocky Road,5
450,Hazelnut,5
450,Watermelon Sorbet,4
450,Biscoff,5
450,Jackfruit,5
450,Salted Caramel,5
450,Malai Kulfi,5
450,Butterscotch,5
450,Strawberry,5
450,Mango Sorbet,4
451,Red Velvet,5
451,Coconut,5
451,Pista (Pistachio),5
451,Rocky Road,5
451,Caramel Swirl,5
451,Mango Alphonso,5
451,Thandai,5
451,Rabri,5
451,S'mores,5
451,Mint Chocolate Chip,5
451,Dry Fruit,5
451,Chocolate,4
451,Vanilla,5
451,Chocolate Fudge,4
451,Cookie Dough,5
451,Litchi,5
451,Pineapple,5
451,Black Currant,4
452,Birthday Cake,5
452,Tender Coconut,5
452,Neapolitan,5
452,Dry Fruit,5
452,Kesar (Saffron),5
452,Strawberry Cheesecake,5
452,Blueberry Cheesecake,5
452,Litchi,5
452,Guava,4
452,Jamun,4
452,Salted Caramel,5
452,Rocky Road,5
452,Mango Alphonso,5
452,Gajar Halwa,5
452,Mint Chocolate Chip,5
452,Coconut,5
452,Ferrero Rocher,5
452,Elaichi (Cardamom),5
452,Cookie Dough,5
452,Pan (Betel Leaf),5
452,Red Velvet,5
453,Pineapple,4
453,Dark Chocolate,4
453,Ferrero Rocher,5
453,Blueberry Cheesecake,4
453,Chocolate Fudge,4
453,Red Velvet,5
453,Custard,5
453,Chocolate,4
453,Gajar Halwa,5
453,Biscoff,5
453,Coconut,5
453,Caramel Swirl,5
453,Mango Kulfi,5
453,Mint Chocolate Chip,5
453,Rabri,5
454,Kesar Pista Kulfi,5
454,Rabri,5
454,Orange Cream,4
454,Anjeer (Fig),4
454,Rocky Road,5
454,Peach,4
454,Black Currant,4
454,Tutti Frutti,4
454,Hazelnut,5
454,Custard,5
454,Pineapple,4
454,Gulkand,5
454,S'mores,4
454,Neapolitan,4
454,Badam (Almond),5
454,Coffee,5
454,Sweet Corn,5
454,Rajbhog,5
455,Tutti Frutti,4
455,Sitaphal (Custard Apple),4
455,Peach,4
455,Matcha Green Tea,5
455,Tiramisu,5
455,Pineapple,4
455,Thandai,5
455,Mint Chocolate Chip,5
455,Butterscotch,5
455,Chikoo (Sapodilla),5
455,Chocolate,5
455,Birthday Cake,5
455,Malai Kulfi,5
455,Custard,5
455,Jackfruit,4
455,Peanut Butter Cup,5
455,Biscoff,5
455,Neapolitan,5
455,Hazelnut,5
455,Watermelon Sorbet,3
455,Rocky Road,5
455,Chocolate Almond,5
456,Dark Chocolate,4
456,Mango Alphonso,5
456,Biscoff,5
456,Sitaphal (Custard Apple),5
456,Watermelon Sorbet,5
456,Lavender Honey,5
456,Ferrero Rocher,4
456,Pan (Betel Leaf),5
456,Mint Chocolate Chip,5
456,Coffee,5
456,Pineapple,5
456,Tutti Frutti,5
456,Chocolate,4
456,Aamras,5
456,Coconut,5
457,Malai Kulfi,5
457,Rose (Gulab),5
457,Matcha Green Tea,5
457,Coffee,5
457,Tiramisu,5
457,Aamras,5
457,Peach,5
457,Kaju Draksh,5
457,Gulkand,5
457,Rooh Afza,5
457,Mango Kulfi,5
457,Kesar (Saffron),5
457,Blueberry Cheesecake,4
457,Cookie Dough,5
457,Anjeer (Fig),5
458,Custard,5
458,Litchi,5
458,Chocolate,5
458,Coconut,5
458,Gulkand,5
458,Vanilla,4
458,S'mores,5
458,Thandai,4
458,Mango Alphonso,5
458,Pineapple,5
458,Chocolate Fudge,5
458,Mango Kulfi,5
458,Elaichi (Cardamom),4
458,Orange Cream,5
458,Tutti Frutti,5
458,Ferrero Rocher,4
458,Lemon Sorbet,5
458,Kesar Pista Kulfi,4
458,Sweet Corn,5
458,Tiramisu,4
458,Strawberry,5
458,Aamras,5
459,Rajbhog,5
459,Mint Chocolate Chip,5
459,Red Velvet,5
459,Thandai,5
459,Watermelon Sorbet,3
459,Butterscotch,5
459,S'mores,5
459,Mango Kulfi,4
459,Kesar (Saffron),4
459,Kesar Pista Kulfi,5
459,Aamras,4
459,Caramel Swirl,5
459,Anjeer (Fig),4
459,Malai Kulfi,5
459,Hazelnut,5
459,Kaju Draksh,5
459,Dark Chocolate,5
459,Birthday Cake,5
459,Guava,3
460,Rocky Road,4
460,Chocolate,4
460,Mango Sorbet,5
460,Biscoff,5
460,Black Currant,5
460,Gajar Halwa,4
460,Jamun,5
460,Lavender Honey,4
460,Rose (Gulab),5
460,Cookies and Cream,4
460,Pista (Pistachio),3
460,Hazelnut,3
460,Coconut,5
460,Strawberry Cheesecake,5
460,Kaju Draksh,4
460,Cookie Dough,4
460,Butterscotch,5
461,Salted Caramel,5
461,Mango Sorbet,5
461,Tiramisu,4
461,Chikoo (Sapodilla),5
461,Cookie Dough,4
461,Mint Chocolate Chip,4
461,Peach,5
461,Anjeer (Fig),5
461,Red Velvet,3
461,Jamun,5
461,Strawberry Cheesecake,5
461,Badam (Almond),3
461,Vanilla,5
461,Blueberry Cheesecake,5
461,Rabri,5
461,Lavender Honey,5
461,Hazelnut,3
461,Gulkand,5
461,Rocky Road,2
462,Neapolitan,4
462,Strawberry Cheesecake,4
462,Butterscotch,5
462,Sweet Corn,5
462,Kesar (Saffron),5
462,Pineapple,3
462,Peach,4
462,Cookie Dough,4
462,Badam (Almond),5
462,Jamun,3
462,Kaju Draksh,5
462,Coffee,5
462,Tiramisu,5
462,Tutti Frutti,4
462,Chocolate Almond,5
462,Chikoo (Sapodilla),5
462,Mango Alphonso,4
462,Rajbhog,5
463,Peach,4
463,Lemon Sorbet,3
463,Jamun,4
463,Dry Fruit,5
463,Vanilla,5
463,Guava,4
463,Cookie Dough,5
463,Mango Alphonso,5
463,Biscoff,5
463,Jackfruit,5
463,Gulkand,5
463,Malai Kulfi,5
463,Rajbhog,5
463,Tender Coconut,5
463,Watermelon Sorbet,4
463,Tiramisu,5
463,Elaichi (Cardamom),5
464,Jamun,3
464,Mango Sorbet,3
464,Biscoff,5
464,Mint Chocolate Chip,5
464,Neapolitan,5
464,Pan (Betel Leaf),5
464,Caramel Swirl,5
464,Rose (Gulab),4
464,Strawberry,3
464,Chocolate,5
464,Chikoo (Sapodilla),4
464,Red Velvet,5
464,Kaju Draksh,5
464,Jackfruit,3
464,Coffee,5
464,Litchi,3
464,Guava,2
464,Cookies and Cream,5
464,Pista (Pistachio),5
464,Elaichi (Cardamom),5
465,Thandai,5
465,Biscoff,5
465,Coconut,5
465,Mango Kulfi,5
465,Pineapple,5
465,Rajbhog,5
465,Peanut Butter Cup,5
465,Dry Fruit,5
465,Red Velvet,5
465,Sitaphal (Custard Apple),4
465,Salted Caramel,5
465,Hazelnut,5
465,Dark Chocolate,5
465,Malai Kulfi,5
465,Orange Cream,4
465,Rooh Afza,5
465,Vanilla,5
465,Rose (Gulab),5
465,Kaju Draksh,5
466,Tutti Frutti,5
466,Mango Sorbet,5
466,Biscoff,4
466,Chocolate Fudge,3
466,Anjeer (Fig),5
466,Sweet Corn,5
466,Strawberry,5
466,Aamras,5
466,Tiramisu,4
466,Caramel Swirl,4
466,Kesar (Saffron),4
466,Red Velvet,3
466,Coconut,5
466,Jackfruit,5
466,Lavender Honey,5
466,Gajar Halwa,4
467,Chocolate Almond,5
467,Sitaphal (Custard Apple),4
467,Tender Coconut,4
467,Aamras,4
467,Blueberry Cheesecake,4
467,Neapolitan,5
467,Litchi,4
467,Lavender Honey,5
467,Biscoff,5
467,Cookies and Cream,5
467,Watermelon Sorbet,3
467,Gulkand,5
467,Rooh Afza,5
467,Birthday Cake,5
467,Rabri,5
467,Gajar Halwa,5
467,Butterscotch,5
467,Black Currant,4
467,Chocolate,5
467,Strawberry,4
468,Litchi,5
468,Mint Chocolate Chip,5
468,Rabri,5
468,Coffee,5
468,Peanut Butter Cup,5
468,Coconut,5
468,Neapolitan,5
468,Anjeer (Fig),5
468,Tiramisu,5
468,Pista (Pistachio),5
468,Pan (Betel Leaf),5
468,Salted Caramel,5
468,Vanilla,5
468,Gajar Halwa,5
468,Custard,5
468,Chocolate Fudge,4
469,Kesar (Saffron),4
469,Tiramisu,4
469,Kaju Draksh,4
469,Chocolate,3
469,Gajar Halwa,4
469,S'mores,3
469,Coconut,5
469,Elaichi (Cardamom),4
469,Rose (Gulab),4
469,Rooh Afza,5
469,Pineapple,5
469,Strawberry Cheesecake,5
469,Hazelnut,2
469,Jamun,5
469,Guava,5
469,Pan (Betel Leaf),5
469,Sitaphal (Custard Apple),5
469,Black Currant,5
469,Strawberry,5
469,Mango Sorbet,5
469,Neapolitan,5
469,Mango Kulfi,5
470,Rabri,5
470,Mango Sorbet,4
470,Dry Fruit,5
470,Kesar Pista Kulfi,5
470,Butterscotch,5
470,Sweet Corn,4
470,Biscoff,5
470,Gajar Halwa,5
470,Pan (Betel Leaf),5
470,S'mores,5
470,Aamras,4
470,Kaju Draksh,5
470,Cookies and Cream,5
470,Sitaphal (Custard Apple),5
470,Pista (Pistachio),5
471,Black Currant,4
471,Strawberry,4
471,Salted Caramel,5
471,Caramel Swirl,5
471,Peach,4
471,Gajar Halwa,5
471,Pista (Pistachio),5
471,Kaju Draksh,5
471,Orange Cream,4
471,Coconut,5
471,Chocolate,4
471,Mango Sorbet,3
471,Dry Fruit,5
471,Biscoff,5
471,Mint Chocolate Chip,5
471,Rooh Afza,5
471,Strawberry Cheesecake,4
471,Mango Alphonso,4
471,Jamun,3
471,Dark Chocolate,4
472,Caramel Swirl,5
472,Biscoff,5
472,Strawberry Cheesecake,3
472,Vanilla,5
472,Dark Chocolate,5
472,Coconut,4
472,Gajar Halwa,5
472,Strawberry,3
472,Salted Caramel,5
472,Neapolitan,5
472,Coffee,5
472,Black Currant,3
472,Peanut Butter Cup,5
472,Orange Cream,3
472,Tender Coconut,4
472,Chocolate Fudge,5
472,Rooh Afza,4
472,Elaichi (Cardamom),5
472,Thandai,4
473,Red Velvet,3
473,Strawberry Cheesecake,5
473,Kesar Pista Kulfi,4
473,Neapolitan,5
473,Watermelon Sorbet,5
473,Rabri,4
473,Rocky Road,2
473,Vanilla,5
473,Kesar (Saffron),4
473,Strawberry,5
473,Custard,5
473,Badam (Almond),4
473,Chocolate,2
473,Birthday Cake,4
473,Kaju Draksh,4
473,Salted Caramel,5
473,Chocolate Almond,2
473,Coffee,5
473,Tender Coconut,5
473,Biscoff,4
473,Orange Cream,5
474,Ferrero Rocher,5
474,Guava,4
474,Rose (Gulab),5
474,Tutti Frutti,5
474,Coconut,5
474,Vanilla,5
474,Rocky Road,5
474,Jackfruit,4
474,Caramel Swirl,5
474,Birthday Cake,5
474,Mango Sorbet,4
474,Blueberry Cheesecake,4
474,Badam (Almond),5
474,Rooh Afza,5
474,Anjeer (Fig),5
475,Mint Chocolate Chip,4
475,Guava,5
475,Watermelon Sorbet,5
475,Kesar Pista Kulfi,4
475,Chocolate Almond,4
475,Black Currant,4
475,Gajar Halwa,4
475,Kaju Draksh,4
475,Custard,4
475,Orange Cream,5
475,Caramel Swirl,4
475,Butterscotch,4
475,Dry Fruit,4
475,Rocky Road,4
475,Lemon Sorbet,4
475,Pan (Betel Leaf),4
475,Chocolate Fudge,4
475,Pista (Pistachio),3
475,Ferrero Rocher,4
475,Rajbhog,4
475,Biscoff,4
476,Litchi,5
476,Jamun,5
476,Vanilla,4
476,Chocolate Fudge,3
476,Salted Caramel,5
476,Birthday Cake,4
476,Matcha Green Tea,4
476,Custard,4
476,Biscoff,4
476,Coffee,4
476,Rooh Afza,5
476,Kesar Pista Kulfi,3
476,Badam (Almond),2
476,Black Currant,5
476,Elaichi (Cardamom),4
476,Cookie Dough,4
476,Blueberry Cheesecake,5
477,Matcha Green Tea,5
477,Mint Chocolate Chip,5
477,Butterscotch,5
477,Kaju Draksh,5
477,Mango Alphonso,4
477,Pineapple,4
477,Rose (Gulab),5
477,Blueberry Cheesecake,4
477,Pan (Betel Leaf),5
477,Rajbhog,5
477,Mango Sorbet,4
477,Chocolate Fudge,4
477,Tiramisu,4
477,Litchi,5
477,Malai Kulfi,5
477,Jamun,3
477,Anjeer (Fig),5
477,Rocky Road,4
477,Caramel Swirl,5
477,Vanilla,5
477,Strawberry Cheesecake,4
477,Jackfruit,4
478,Chocolate Fudge,5
478,Butterscotch,5
478,Thandai,5
478,Sweet Corn,5
478,Vanilla,5
478,Dry Fruit,5
478,Birthday Cake,5
478,Malai Kulfi,5
478,Elaichi (Cardamom),5
478,Ferrero Rocher,5
478,Matcha Green Tea,5
478,Salted Caramel,5
478,Chikoo (Sapodilla),5
478,Tiramisu,5
478,Blueberry Cheesecake,4
478,Red Velvet,5
478,Mint Chocolate Chip,5
478,Rajbhog,5
478,Dark Chocolate,4
478,Neapolitan,5
478,Litchi,5
478,Kaju Draksh,5
479,Matcha Green Tea,4
479,Coconut,5
479,Blueberry Cheesecake,5
479,Mint Chocolate Chip,3
479,Elaichi (Cardamom),4
479,Aamras,5
479,Vanilla,5
479,Anjeer (Fig),5
479,Pan (Betel Leaf),4
479,Neapolitan,5
479,Orange Cream,5
479,Sweet Corn,5
479,Jackfruit,5
479,Gajar Halwa,4
479,Guava,5
479,Black Currant,5
479,Mango Kulfi,5
479,Jamun,5
479,Tender Coconut,5
479,Strawberry,5
479,Rooh Afza,5
480,Pista (Pistachio),5
480,Chocolate,5
480,Butterscotch,5
480,Birthday Cake,5
480,Rooh Afza,4
480,Pan (Betel Leaf),4
480,Kesar Pista Kulfi,5
480,Vanilla,5
480,Chikoo (Sapodilla),4
480,Chocolate Fudge,5
480,Blueberry Cheesecake,4
480,Jamun,4
480,Salted Caramel,5
480,Mango Alphonso,4
480,Lavender Honey,4
481,Pista (Pistachio),4
481,Jamun,4
481,Chikoo (Sapodilla),5
481,Black Currant,5
481,Hazelnut,4
481,Tutti Frutti,5
481,Rabri,5
481,Gulkand,5
481,Birthday Cake,5
481,Strawberry Cheesecake,5
481,Rooh Afza,5
481,Orange Cream,5
481,Rocky Road,4
481,Dark Chocolate,4
481,Coffee,4
481,Kesar Pista Kulfi,4
481,Jackfruit,5
481,Chocolate Almond,4
481,Chocolate Fudge,4
481,Matcha Green Tea,4
481,Chocolate,4
482,Birthday Cake,5
482,Red Velvet,3
482,Black Currant,5
482,Rose (Gulab),5
482,Watermelon Sorbet,5
482,Strawberry,5
482,Caramel Swirl,4
482,Chocolate Almond,2
482,Kesar Pista Kulfi,3
482,Sitaphal (Custard Apple),5
482,Jamun,5
482,Tiramisu,4
482,Peanut Butter Cup,2
482,Chocolate,3
482,Blueberry Cheesecake,5
482,Tutti Frutti,5
482,Sweet Corn,5
483,Vanilla,5
483,Gulkand,4
483,Red Velvet,5
483,Dry Fruit,5
483,Rocky Road,5
483,Litchi,4
483,Mango Sorbet,3
483,Mint Chocolate Chip,5
483,Elaichi (Cardamom),5
483,Mango Alphonso,4
483,Chocolate Fudge,5
483,Chocolate,5
483,Rabri,5
483,Lemon Sorbet,2
483,Ferrero Rocher,5
483,Kesar (Saffron),5
483,Coconut,4
483,Jackfruit,4
483,Hazelnut,5
483,Badam (Almond),5
483,Custard,5
484,Chocolate Almond,2
484,Red Velvet,4
484,Pista (Pistachio),4
484,Rose (Gulab),5
484,Mango Kulfi,5
484,Biscoff,4
484,Watermelon Sorbet,5
484,Strawberry,5
484,Coffee,5
484,Kaju Draksh,5
484,Chikoo (Sapodilla),5
484,Mango Alphonso,5
484,Pineapple,5
484,Rooh Afza,5
484,Rocky Road,2
484,Dry Fruit,3
484,Peach,5
484,Ferrero Rocher,2
484,Caramel Swirl,5
484,Rajbhog,4
485,Hazelnut,5
485,Pan (Betel Leaf),5
485,Tutti Frutti,4
485,Rocky Road,5
485,Chocolate Fudge,4
485,Mango Alphonso,5
485,Pineapple,4
485,Chocolate,4
485,Coconut,5
485,Vanilla,5
485,Caramel Swirl,5
485,Aamras,5
485,Tender Coconut,5
485,Peanut Butter Cup,5
485,Guava,4
485,Orange Cream,5
485,Watermelon Sorbet,4
485,Rooh Afza,5
485,Jackfruit,5
485,Dark Chocolate,4
485,Peach,4
486,Birthday Cake,5
486,Tiramisu,5
486,Guava,4
486,Rose (Gulab),5
486,Elaichi (Cardamom),5
486,Custard,5
486,Tender Coconut,4
486,Pista (Pistachio),5
486,Mango Alphonso,5
486,Watermelon Sorbet,3
486,Pineapple,4
486,Litchi,4
486,Chocolate Fudge,5
486,Chikoo (Sapodilla),5
486,Jamun,4
486,Butterscotch,5
486,Hazelnut,5
486,Thandai,5
486,Strawberry Cheesecake,5
486,Mango Sorbet,4
486,Salted Caramel,5
486,Kesar (Saffron),5
487,Custard,4
487,Cookies and Cream,5
487,Biscoff,5
487,Jamun,3
487,Kesar (Saffron),4
487,Badam (Almond),5
487,Rocky Road,5
487,Blueberry Cheesecake,3
487,Birthday Cake,5
487,Guava,3
487,Tiramisu,5
487,Mango Kulfi,3
487,Watermelon Sorbet,2
487,Kesar Pista Kulfi,5
487,Chocolate Almond,5
487,Mango Sorbet,3
487,Kaju Draksh,5
487,Butterscotch,5
487,Rose (Gulab),4
488,Rajbhog,3
488,Mango Alphonso,5
488,Anjeer (Fig),5
488,Strawberry Cheesecake,5
488,Rocky Road,2
488,Rooh Afza,4
488,Mango Sorbet,5
488,Coffee,4
488,Coconut,5
488,Blueberry Cheesecake,5
488,Pineapple,5
488,Pista (Pistachio),3
488,Sweet Corn,5
488,Black Currant,5
488,Kaju Draksh,4
488,Mint Chocolate Chip,3
489,Cookie Dough,4
489,Neapolitan,5
489,Mango Sorbet,5
489,Kesar Pista Kulfi,3
489,Strawberry,5
489,Strawberry Cheesecake,5
489,Kaju Draksh,4
489,Blueberry Cheesecake,5
489,Tiramisu,4
489,Badam (Almond),3
489,S'mores,3
489,Malai Kulfi,5
489,Chocolate Fudge,3
489,Rocky Road,2
489,Tender Coconut,5
489,Caramel Swirl,5
489,Cookies and Cream,4
489,Gulkand,5
489,Rabri,5
489,Pan (Betel Leaf),5
490,Orange Cream,5
490,Hazelnut,3
490,Custard,5
490,Elaichi (Cardamom),4
490,Tutti Frutti,5
490,Butterscotch,4
490,Anjeer (Fig),5
490,Gajar Halwa,4
490,Pista (Pistachio),4
490,Sitaphal (Custard Apple),5
490,Ferrero Rocher,2
490,Litchi,5
490,Aamras,5
490,Mango Alphonso,5
490,Chikoo (Sapodilla),5
490,Lavender Honey,4
490,Black Currant,5
490,Mint Chocolate Chip,4
490,Matcha Green Tea,5
490,Guava,5
490,S'mores,3
490,Pineapple,5
491,Lavender Honey,4
491,Mango Sorbet,3
491,Mango Kulfi,3
491,Butterscotch,5
491,Custard,5
491,Chikoo (Sapodilla),4
491,Badam (Almond),5
491,Chocolate Fudge,5
491,Ferrero Rocher,5
491,Rooh Afza,4
491,Biscoff,5
491,Sweet Corn,4
491,Tender Coconut,3
491,Tiramisu,5
491,Strawberry Cheesecake,4
491,Watermelon Sorbet,2
491,Elaichi (Cardamom),5
492,Aamras,5
492,Mango Alphonso,5
492,Pista (Pistachio),3
492,Gajar Halwa,4
492,Malai Kulfi,4
492,Mango Sorbet,5
492,Dark Chocolate,2
492,Dry Fruit,3
492,Sitaphal (Custard Apple),5
492,Tutti Frutti,5
492,Birthday Cake,4
492,Vanilla,4
492,Kaju Draksh,4
492,Coconut,5
492,Peanut Butter Cup,1
492,Badam (Almond),3
492,Watermelon Sorbet,5
492,Salted Caramel,4
492,Coffee,3
492,Jamun,5
492,Gulkand,5
493,Guava,5
493,Chikoo (Sapodilla),5
493,Matcha Green Tea,4
493,Blueberry Cheesecake,5
493,Cookie Dough,3
493,Peanut Butter Cup,2
493,Biscoff,3
493,Rooh Afza,5
493,Sweet Corn,5
493,Jamun,5
493,Chocolate Fudge,3
493,Aamras,5
493,Mint Chocolate Chip,4
493,Gajar Halwa,4
493,S'mores,3
493,Butterscotch,4
493,Kaju Draksh,4
493,Neapolitan,5
493,Caramel Swirl,4
493,Vanilla,4
493,Elaichi (Cardamom),4
494,Rocky Road,5
494,Rabri,5
494,Black Currant,3
494,Ferrero Rocher,5
494,Jamun,3
494,Thandai,4
494,Badam (Almond),5
494,Mango Kulfi,4
494,Pista (Pistachio),5
494,Jackfruit,3
494,Dry Fruit,5
494,Pan (Betel Leaf),4
494,Lavender Honey,4
494,Strawberry Cheesecake,3
494,Peanut Butter Cup,5
494,Kesar (Saffron),5
494,Rooh Afza,4
494,Salted Caramel,5
494,Hazelnut,5
494,Lemon Sorbet,2
494,Mango Sorbet,3
495,Rajbhog,4
495,Kesar (Saffron),4
495,Kaju Draksh,4
495,Pan (Betel Leaf),4
495,Jamun,4
495,Chocolate,4
495,Chocolate Almond,4
495,Dark Chocolate,4
495,Thandai,4
495,Chocolate Fudge,4
495,Peanut Butter Cup,4
495,Strawberry,5
495,Red Velvet,4
495,Cookie Dough,5
495,Pista (Pistachio),4
495,Litchi,5
495,Coconut,5
496,Guava,4
496,Kesar (Saffron),5
496,Tiramisu,5
496,Chocolate Almond,5
496,Orange Cream,4
496,Pan (Betel Leaf),5
496,Neapolitan,4
496,Caramel Swirl,5
496,Custard,5
496,Hazelnut,5
496,Cookie Dough,5
496,Coconut,5
496,Dark Chocolate,4
496,Anjeer (Fig),4
496,Vanilla,5
496,Mango Sorbet,3
496,Watermelon Sorbet,3
496,Biscoff,5
496,Butterscotch,5
496,Jamun,4
497,Mint Chocolate Chip,4
497,Thandai,4
497,Blueberry Cheesecake,5
497,Mango Kulfi,5
497,Lavender Honey,5
497,Jamun,5
497,Kesar Pista Kulfi,4
497,Chikoo (Sapodilla),5
497,Mango Alphonso,5
497,Tender Coconut,5
497,Elaichi (Cardamom),5
497,Coconut,5
497,Coffee,4
497,Rajbhog,4
497,Kesar (Saffron),4
498,Strawberry Cheesecake,4
498,Kesar Pista Kulfi,5
498,Mango Kulfi,4
498,Kesar (Saffron),4
498,Hazelnut,5
498,S'mores,5
498,Matcha Green Tea,4
498,Jackfruit,4
498,Elaichi (Cardamom),4
498,Coconut,4
498,Orange Cream,3
498,Rabri,5
498,Custard,5
498,Chocolate,5
498,Peanut Butter Cup,5
498,Tutti Frutti,3
498,Sitaphal (Custard Apple),4
498,Neapolitan,4
498,Watermelon Sorbet,3
498,Cookies and Cream,5
498,Malai Kulfi,5
499,Coconut,5
499,Kesar (Saffron),5
499,Rooh Afza,5
499,Chikoo (Sapodilla),4
499,S'mores,5
499,Rajbhog,5
499,Thandai,5
499,Pineapple,4
499,Elaichi (Cardamom),5
499,Chocolate Fudge,5
499,Black Currant,4
499,Chocolate Almond,5
499,Strawberry,4
499,Birthday Cake,5
499,Jackfruit,4
499,Blueberry Cheesecake,4
499,Mango Kulfi,4
499,Orange Cream,4
500,Kesar (Saffron),5
500,Custard,5
500,Strawberry,4
500,Chocolate Fudge,4
500,Lemon Sorbet,2
500,S'mores,5
500,Mango Alphonso,5
500,Hazelnut,5
500,Cookie Dough,5
500,Mint Chocolate Chip,5
500,Jackfruit,5
500,Jamun,4
500,Thandai,5
500,Neapolitan,5
500,Coffee,5
500,Rose (Gulab),5
500,Anjeer (Fig),5
500,Aamras,5
500,Peanut Butter Cup,5
